"","CASE","age","gender","education","job","WHO1","WHO2","WHO3","WHO4","WHO5","FLEXER1","FLEXER2","FLEXER3","FLEXER4","FLEXER5","FLEXER6","FLEXER7","FLEXER8","FLEXER9","FLEXER10","ERQ1","ERQ2","ERQ3","ERQ4","ERQ5","ERQ6","ERQ7","ERQ8","ERQ9","ERQ10","sample"
"1","1",29,"female","Abitur","Hochschulabschluss",2,1,2,2,1,2,3,2,2,2,2,2,3,2,2,3,5,2,6,4,6,2,4,6,3,1
"2","2",32,"female","Realschule","Ausbildung",4,1,3,3,4,4,3,4,4,1,2,3,3,2,2,1,3,4,7,3,7,4,4,4,4,1
"3","3",42,"female","Abitur","Hochschulabschluss",4,3,4,2,4,1,2,2,2,2,2,1,4,2,1,4,6,4,5,3,5,2,3,5,3,1
"4","4",38,"female","Abitur","Ausbildung",4,3,2,2,5,1,1,3,3,1,1,2,4,3,1,2,2,4,7,6,3,2,2,5,3,1
"5","5",32,"female","Abitur","Ausbildung",2,2,1,0,1,4,1,1,2,3,3,3,1,1,2,4,2,3,3,6,1,6,7,1,6,1
"6","6",29,"male","Abitur","Hochschulabschluss",1,2,1,0,2,3,2,3,2,3,3,3,2,1,2,6,4,7,4,7,7,5,7,5,4,1
"7","7",31,"female","Abitur","Hochschulabschluss",NA,NA,4,NA,NA,1,4,4,2,2,2,2,4,4,4,NA,NA,NA,NA,NA,NA,NA,NA,NA,NA,1
"8","8",46,"female","Realschule","Ausbildung",1,2,3,1,2,3,3,2,3,3,3,3,3,2,2,6,3,6,4,5,3,5,4,3,5,1
"9","9",45,"female","Abitur","Promotion",2,1,2,2,3,2,1,3,1,1,2,1,3,3,2,2,3,2,7,5,3,3,3,1,3,1
"10","10",22,"male","Realschule","Ausbildung",3,2,1,2,4,3,2,2,3,4,3,2,3,2,3,5,6,3,6,4,5,3,3,3,3,1
"11","11",22,"female","Realschule","none",4,4,3,3,3,3,1,3,2,3,2,2,3,1,1,1,6,7,1,2,7,1,2,3,1,1
"12","12",43,"female","Realschule","Ausbildung",3,1,1,0,2,4,4,4,4,4,4,4,4,4,4,2,1,2,6,6,6,6,6,5,6,1
"14","14",50,"male","Realschule","Ausbildung",4,1,2,0,4,3,3,3,2,3,3,3,4,4,2,3,7,5,6,5,7,5,5,6,4,1
"15","15",54,"male","Abitur","Ausbildung",1,2,2,1,1,3,2,2,4,3,4,3,4,2,3,6,2,6,3,5,2,6,3,2,4,1
"19","19",53,"male","Abitur","Hochschulabschluss",1,2,1,2,1,3,3,3,3,3,3,3,2,2,2,3,3,3,5,5,3,3,5,2,5,1
"20","20",39,"female","Abitur","none",3,3,2,1,3,3,4,4,3,3,3,3,4,2,3,6,5,6,5,6,6,6,6,6,6,1
"22","22",31,"female","Abitur","Hochschulabschluss",2,3,1,1,2,2,3,3,2,2,2,2,3,2,2,2,6,3,6,3,6,2,6,4,2,1
"23","23",41,"female","Abitur","Hochschulabschluss",4,4,3,4,1,4,2,3,2,2,2,3,2,2,2,3,3,3,6,5,5,3,5,3,3,1
"25","25",43,"female","Abitur","Promotion",1,1,2,1,3,3,2,1,2,3,4,3,3,3,3,4,1,6,2,4,1,4,4,2,5,1
"27","27",41,"female","Abitur","Hochschulabschluss",1,2,2,0,1,2,4,4,3,3,3,3,4,4,2,5,6,5,4,4,6,2,2,6,5,1
"30","30",33,"female","Abitur","Ausbildung",1,1,1,1,1,4,2,1,3,4,4,3,2,1,2,4,4,2,3,2,5,2,2,5,2,1
"33","33",28,"female","Abitur","Hochschulabschluss",2,2,3,2,4,2,2,2,3,3,3,2,1,2,2,6,5,6,3,3,6,3,3,2,2,1
"34","34",34,"female","Abitur","Hochschulabschluss",3,2,2,NA,2,3,2,3,3,2,2,3,2,2,2,NA,NA,NA,NA,NA,NA,NA,NA,NA,NA,1
"39","39",40,"male","Abitur","Hochschulabschluss",3,3,1,1,2,4,4,4,4,4,4,4,4,4,4,4,6,4,6,3,6,4,5,6,4,1
"43","43",36,"female","Abitur","Hochschulabschluss",1,1,3,1,2,3,2,2,2,2,3,2,4,2,2,4,4,2,6,3,6,4,6,4,2,1
"44","44",33,"female","Abitur","Hochschulabschluss",4,2,4,2,5,3,4,4,2,2,2,2,4,4,2,4,7,3,7,7,7,1,5,7,1,1
"46","46",43,"female","Abitur","Hochschulabschluss",3,3,3,1,4,3,4,4,3,3,3,4,4,4,3,4,6,3,7,6,6,6,7,3,3,1
"49","49",41,"female","Abitur","Hochschulabschluss",1,4,3,2,3,2,3,2,2,3,2,2,4,1,1,5,1,6,6,4,3,3,4,2,5,1
"51","51",31,"male","Abitur","Hochschulabschluss",1,3,1,4,1,2,2,3,2,2,3,2,4,3,2,4,6,5,5,5,6,5,5,6,5,1
"52","52",37,"male","Abitur","Fachhochschulabschluss",1,1,1,0,1,3,4,4,4,3,2,2,4,4,3,4,2,3,3,3,2,3,4,2,3,1
"53","53",27,"male","Abitur","Hochschulabschluss",4,2,1,0,1,2,3,4,1,2,2,1,3,4,1,NA,NA,NA,NA,NA,NA,NA,NA,NA,NA,1
"55","55",27,"female","Abitur","Ausbildung",1,1,1,0,2,2,3,3,2,2,3,2,3,3,2,NA,NA,NA,NA,NA,NA,NA,NA,NA,NA,1
"57","57",46,"female","Abitur","Ausbildung",4,3,2,4,4,3,4,3,3,2,1,2,4,4,2,1,3,1,7,1,5,2,2,5,2,1
"60","60",29,"female","Abitur","Ausbildung",1,2,1,1,2,3,4,3,1,1,2,2,4,4,2,3,2,3,6,6,4,3,2,3,4,1
"61","61",33,"female","Abitur","Ausbildung",2,2,2,2,2,2,2,3,2,3,2,2,3,2,2,3,7,3,7,5,7,5,6,6,4,1
"62","62",46,"female","Abitur","Ausbildung",1,1,2,0,1,1,2,2,2,3,2,1,4,3,1,2,6,2,7,3,7,3,1,5,2,1
"63","63",42,"female","Abitur","Ausbildung",4,4,4,2,4,2,2,2,2,2,2,2,3,2,2,6,2,5,2,5,4,6,6,2,6,1
"64","64",34,"female","Abitur","Hochschulabschluss",1,1,0,0,0,3,3,4,3,4,4,3,4,3,2,4,2,4,3,5,2,5,5,2,5,1
"65","65",36,"female","Abitur","Fachhochschulabschluss",2,1,2,2,3,3,3,3,3,3,3,3,3,3,3,4,5,4,3,4,5,4,4,4,4,1
"68","68",18,"male","Abitur","none",4,4,4,3,4,1,3,4,2,1,1,1,3,3,1,NA,NA,NA,NA,NA,NA,NA,NA,NA,NA,1
"71","71",46,"female","Abitur","none",1,2,1,1,2,2,2,2,2,2,2,2,1,2,2,3,3,4,3,3,3,3,3,4,3,1
"73","73",30,"female","Abitur","Hochschulabschluss",1,1,1,2,1,3,4,4,3,2,2,2,3,2,2,2,3,2,6,5,6,3,4,2,3,1
"74","74",31,"female","Abitur","Ausbildung",4,4,3,3,3,2,4,2,2,2,2,2,4,2,2,5,3,4,6,6,4,2,4,2,3,1
"75","75",43,"male","Abitur","Hochschulabschluss",4,3,3,2,4,2,2,1,3,2,2,1,4,4,2,1,6,2,6,2,6,2,2,5,2,1
"77","77",65,"male","Abitur","Hochschulabschluss",1,1,0,3,2,3,4,4,4,4,4,4,4,4,2,NA,NA,NA,NA,NA,NA,NA,NA,NA,NA,1
"79","79",38,"female","Abitur","Ausbildung",4,3,4,2,3,3,4,4,4,3,4,4,4,4,3,3,6,5,6,6,6,4,2,5,3,1
"81","81",33,"male","Abitur","Hochschulabschluss",4,4,3,3,3,2,3,3,2,3,1,2,4,3,1,2,2,3,6,4,2,3,6,2,3,1
"82","82",29,"female","Abitur","Ausbildung",2,1,1,1,3,3,3,3,2,2,2,2,3,3,2,4,2,4,7,6,6,3,4,2,3,1
"83","83",38,"male","Abitur","Fachhochschulabschluss",1,3,1,1,4,3,2,3,4,3,1,3,4,4,2,4,6,4,7,5,5,3,4,5,5,1
"84","84",22,"female","Abitur","Hochschulabschluss",3,2,2,2,4,3,4,4,3,3,3,3,4,4,3,7,2,3,6,4,3,5,4,5,4,1
"87","87",39,"female","Hauptschule","none",1,1,3,0,2,2,3,4,4,2,2,2,3,3,2,3,5,3,7,3,5,3,3,5,4,1
"89","89",21,"female","Abitur","none",1,1,2,0,0,3,3,3,4,3,2,3,4,2,3,2,3,3,5,3,6,2,3,3,4,1
"90","90",73,"male","Abitur","Hochschulabschluss",4,2,4,1,4,2,4,3,2,3,2,3,4,3,4,4,6,4,5,2,5,4,4,2,4,1
"91","91",40,"female","Abitur","none",3,3,3,3,4,3,4,3,3,2,2,2,3,2,2,2,5,2,6,3,5,2,4,3,2,1
"93","93",20,"male","Abitur","none",3,4,3,5,4,2,2,2,4,3,2,3,4,3,2,2,3,2,5,2,3,2,2,4,3,1
"94","94",38,"male","Abitur","Hochschulabschluss",0,0,0,0,0,3,2,2,3,3,3,3,3,4,3,4,2,3,4,2,1,2,2,1,2,1
"95","95",26,"female","Abitur","Hochschulabschluss",3,4,3,4,3,2,4,4,2,2,1,2,4,4,2,NA,NA,NA,NA,NA,NA,NA,NA,NA,NA,1
"96","96",38,"female","Abitur","Fachhochschulabschluss",2,2,2,2,2,4,2,3,4,3,3,3,2,2,3,6,1,6,6,6,2,6,4,1,6,1
"97","97",30,"male","Abitur","Ausbildung",4,3,4,3,3,3,2,2,2,3,3,2,2,1,2,7,3,3,4,5,2,3,4,5,3,1
"98","98",22,"female","Abitur","none",1,1,1,1,2,3,1,1,3,3,3,3,2,1,3,6,5,7,3,6,5,6,6,3,6,1
"99","99",21,"female","Abitur","none",4,3,3,1,4,2,1,1,1,3,3,2,2,1,2,3,1,3,4,2,1,3,2,1,3,1
"100","100",22,"male","Abitur","Ausbildung",1,0,1,0,1,2,1,1,2,3,4,2,1,1,1,5,2,7,7,6,1,5,4,1,6,1
"101","101",24,"female","Abitur","Ausbildung",1,0,0,0,0,3,4,4,3,3,4,4,4,4,2,5,7,6,1,6,7,6,6,7,3,1
"102","102",60,"male","Abitur","Hochschulabschluss",4,4,4,4,4,1,2,3,1,1,1,1,3,3,1,1,4,1,4,2,4,1,4,4,1,1
"105","105",24,"female","Abitur","Hochschulabschluss",3,2,3,4,2,3,4,2,4,3,2,2,3,2,2,3,7,3,7,4,7,3,3,7,3,1
"106","106",25,"female","Abitur","none",0,0,1,0,5,3,4,4,2,3,3,2,3,1,2,2,1,2,4,7,1,2,2,1,2,1
"107","107",25,"male","Abitur","Hochschulabschluss",0,4,1,0,2,1,1,2,1,1,3,2,2,1,2,2,2,4,5,3,1,2,1,2,1,1
"108","108",41,"female","Abitur","Fachhochschulabschluss",3,1,1,3,NA,2,4,4,2,2,3,2,4,4,2,1,3,1,7,4,7,7,4,3,2,1
"110","110",43,"female","Abitur","Promotion",3,3,3,2,3,2,2,4,1,2,2,2,3,4,1,3,2,4,7,6,4,4,4,2,4,1
"111","111",25,"female","Abitur","Hochschulabschluss",3,4,3,3,3,3,3,4,4,3,1,3,3,4,1,1,6,1,1,1,6,1,1,5,1,1
"113","113",22,"female","Abitur","none",3,4,4,3,5,1,1,1,1,1,1,1,1,1,1,3,5,3,6,5,6,3,3,2,5,1
"115","115",19,"male","Abitur","none",1,1,3,1,3,4,1,2,3,3,4,3,2,1,2,5,2,6,2,3,1,4,5,1,5,1
"116","116",22,"female","Abitur","Ausbildung",4,1,4,3,4,3,1,1,2,3,3,2,3,2,3,2,4,2,6,4,4,2,2,2,2,1
"117","117",27,"female","Abitur","none",3,3,3,1,3,2,2,2,2,3,2,2,1,1,1,3,6,4,6,3,6,2,2,6,2,1
"118","118",38,"female","Realschule","Ausbildung",4,4,3,3,3,3,3,3,2,2,2,2,4,4,3,5,2,5,3,4,3,5,3,3,4,1
"121","121",30,"male","Abitur","none",3,3,3,3,2,2,4,4,4,2,2,2,3,3,2,3,1,3,6,3,1,3,3,1,2,1
"123","123",21,"male","Abitur","none",4,2,4,4,4,3,4,4,4,3,3,3,4,2,2,3,5,4,7,4,3,4,5,4,3,1
"126","126",22,"female","Abitur","none",1,0,2,1,3,3,3,2,4,3,3,4,3,2,4,NA,NA,NA,NA,NA,NA,NA,NA,NA,NA,1
"127","127",21,"female","Abitur","none",2,1,1,1,1,2,3,3,2,3,3,3,4,4,2,3,5,3,7,3,7,2,2,3,2,1
"128","128",19,"female","Abitur","none",3,2,1,1,2,3,2,3,2,1,3,3,2,2,2,4,1,5,6,5,1,4,6,1,5,1
"129","129",21,"female","Abitur","none",1,1,2,0,1,4,4,4,4,4,4,4,3,2,2,5,5,4,7,5,5,4,5,3,4,1
"130","130",41,"male","Abitur","Hochschulabschluss",4,4,2,1,4,3,3,4,4,2,2,2,3,4,2,4,3,3,6,4,3,4,4,3,4,1
"131","131",29,"female","Abitur","Hochschulabschluss",2,2,2,1,3,2,3,3,2,2,2,2,3,3,1,2,6,2,7,2,6,2,5,6,2,1
"132","132",25,"male","Abitur","Ausbildung",4,2,4,1,4,1,3,3,2,2,2,2,4,4,2,7,6,3,7,2,5,5,4,5,3,1
"133","133",19,"male","Abitur","none",1,4,1,1,2,4,2,2,3,2,3,2,4,2,1,4,2,5,4,6,2,3,3,2,2,1
"134","134",22,"male","Abitur","none",4,4,4,3,2,3,3,4,2,3,2,3,3,4,4,3,6,2,4,3,6,2,3,4,3,1
"137","137",37,"male","Abitur","Hochschulabschluss",1,1,2,2,2,3,3,3,4,3,3,3,3,4,3,3,1,3,6,5,4,4,5,4,4,1
"138","138",23,"female","Abitur","none",1,1,1,0,1,3,2,3,3,2,4,3,3,3,3,7,2,5,4,3,2,3,3,2,4,1
"139","139",32,"female","Abitur","Hochschulabschluss",0,1,0,1,0,2,3,4,3,2,4,4,2,2,2,6,2,5,6,6,2,5,6,3,6,1
"140","140",21,"female","Realschule","Ausbildung",3,3,3,3,4,3,2,2,2,2,2,2,4,3,2,4,6,4,4,3,4,2,3,4,3,1
"141","141",55,"female","Realschule","Fachhochschulabschluss",2,1,3,4,3,2,4,3,1,3,2,1,4,4,1,4,6,5,7,2,6,2,7,4,2,1
"142","142",26,"female","Abitur","Hochschulabschluss",3,1,4,0,3,4,3,4,3,2,2,2,2,3,2,4,6,4,7,4,7,3,6,5,5,1
"143","143",31,"male","Abitur","Hochschulabschluss",2,2,2,1,2,3,2,2,3,3,3,2,3,2,3,3,7,3,6,5,6,3,4,3,3,1
"144","144",67,"male","Abitur","Hochschulabschluss",5,4,4,4,5,2,4,4,4,2,2,2,4,4,2,2,6,2,7,2,5,3,5,3,3,1
"145","145",25,"female","Abitur","none",4,3,2,0,5,2,2,1,1,1,1,1,4,2,1,3,3,3,7,3,7,1,5,3,1,1
"146","146",20,"male","Abitur","none",1,1,1,2,0,3,2,3,3,3,3,3,2,2,3,7,5,3,3,2,3,2,6,5,3,1
"147","147",24,"female","Abitur","Hochschulabschluss",4,5,3,3,2,3,4,4,2,3,2,3,4,1,2,4,4,4,7,3,5,3,4,2,3,1
"148","148",34,"female","Abitur","Hochschulabschluss",4,2,3,1,2,2,4,4,3,3,2,3,2,3,2,3,6,3,5,7,6,3,3,3,3,1
"151","151",21,"female","Abitur","none",1,0,2,0,0,3,1,2,4,4,4,4,4,1,2,7,2,7,4,5,2,7,6,2,6,1
"153","153",27,"female","Abitur","Hochschulabschluss",1,2,2,0,2,2,3,4,4,3,3,2,3,2,2,7,5,3,3,2,4,5,4,5,5,1
"154","154",27,"female","Abitur","Hochschulabschluss",3,3,2,2,3,2,3,4,3,3,2,4,4,3,2,2,3,3,7,3,5,2,3,1,3,1
"155","155",21,"female","Abitur","none",4,3,3,2,4,1,2,2,2,2,1,1,3,2,1,2,5,2,6,2,5,1,2,6,1,1
"156","156",28,"female","Abitur","Hochschulabschluss",3,1,1,3,4,2,2,4,2,3,2,3,4,3,3,3,5,3,7,4,4,2,5,3,3,1
"157","157",24,"female","Abitur","none",3,2,3,2,2,3,2,2,4,3,3,2,3,1,2,3,5,3,7,5,5,3,3,2,2,1
"158","158",69,"male","Abitur","Hochschulabschluss",4,3,4,4,5,2,3,3,2,2,2,2,3,3,2,2,4,3,5,2,2,3,4,2,3,1
"159","159",33,"male","Abitur","Hochschulabschluss",3,2,3,1,2,2,1,2,2,3,3,2,1,1,2,2,2,3,4,3,2,3,2,3,3,1
"160","160",28,"male","Abitur","Hochschulabschluss",3,1,4,3,5,1,1,1,2,1,3,2,2,4,2,3,4,3,5,3,6,3,3,5,3,1
"161","161",47,"female","Abitur","Ausbildung",2,1,2,1,1,3,3,2,3,3,2,3,3,2,2,5,4,5,5,5,4,6,5,4,6,1
"162","162",32,"divers","Abitur","Hochschulabschluss",1,2,2,0,4,4,4,4,4,1,4,3,2,1,4,5,4,6,3,6,3,5,5,3,6,1
"163","163",22,"female","Abitur","none",4,3,4,4,5,3,3,4,3,2,2,3,4,2,1,3,6,2,6,4,5,3,6,5,3,1
"164","164",28,"female","Abitur","Ausbildung",2,1,2,1,2,2,2,2,1,2,2,2,2,2,1,3,2,2,5,3,1,3,3,1,3,1
"166","166",22,"female","Abitur","none",3,2,1,2,4,3,4,2,4,3,3,4,4,2,3,4,2,4,5,3,3,4,3,2,3,1
"168","168",40,"female","Abitur","Hochschulabschluss",4,4,4,3,4,2,2,3,2,1,2,2,2,3,2,2,2,2,3,2,3,2,4,3,3,1
"171","171",18,"female","Abitur","none",4,3,3,3,3,3,3,4,3,2,2,3,4,2,2,4,2,4,5,3,5,3,5,3,3,1
"172","172",23,"female","Abitur","none",4,2,3,1,4,4,3,3,3,4,4,4,2,1,3,7,3,3,3,5,3,3,3,1,3,1
"173","173",25,"male","Realschule","Ausbildung",4,4,4,4,5,2,2,3,3,4,4,2,1,1,1,2,3,2,2,3,3,2,2,6,2,1
"174","174",35,"male","Abitur","Ausbildung",4,2,3,4,4,3,2,2,2,3,3,2,2,2,2,5,2,5,4,6,4,6,5,5,6,1
"175","175",22,"female","Abitur","none",4,4,4,3,4,1,4,4,1,1,1,1,4,4,1,2,5,2,7,2,7,2,2,6,2,1
"176","176",22,"female","Abitur","none",4,3,4,3,4,2,3,2,2,2,2,2,3,2,2,4,6,3,6,4,7,3,5,7,3,1
"177","177",20,"female","Abitur","none",3,3,4,4,4,3,4,4,4,3,2,2,2,2,2,1,7,6,7,6,7,4,3,6,3,1
"178","178",21,"female","Abitur","none",4,3,2,3,4,2,2,3,2,1,1,1,3,2,1,6,7,5,5,6,6,7,6,6,6,1
"179","179",19,"female","Abitur","none",2,1,1,0,4,2,2,3,1,1,2,2,4,2,1,3,5,3,6,4,6,2,3,5,3,1
"180","180",64,"male","Abitur","Hochschulabschluss",4,4,4,5,5,2,3,2,2,2,2,2,4,4,2,1,5,2,6,2,5,3,3,4,3,1
"186","186",24,"female","Abitur","none",3,3,1,3,1,3,2,3,3,2,2,2,3,1,2,3,5,3,7,3,5,4,3,6,3,1
"187","187",24,"female","Abitur","Hochschulabschluss",2,1,3,1,2,3,3,4,3,2,2,2,4,2,2,2,4,3,6,4,5,3,3,4,3,1
"188","188",26,"female","Abitur","Hochschulabschluss",4,4,4,4,4,2,2,2,2,1,2,1,1,2,1,2,2,2,3,2,2,2,2,2,2,1
"189","189",18,"female","Abitur","none",3,2,4,3,1,3,4,4,4,3,3,4,3,2,3,2,1,3,5,4,2,2,3,1,2,1
"191","191",23,"female","Abitur","none",2,1,1,1,3,2,3,3,3,2,3,3,2,4,3,6,2,1,2,4,3,3,3,5,4,1
"193","193",28,"female","Abitur","none",1,1,1,0,0,4,1,2,2,2,4,2,2,2,1,6,3,5,2,6,6,6,6,6,7,1
"194","194",26,"female","Abitur","none",3,2,2,1,2,2,1,2,2,2,2,2,3,2,2,6,5,4,6,3,5,3,3,4,5,1
"196","196",71,"female","Abitur","Hochschulabschluss",5,4,4,4,4,2,2,2,2,1,1,2,3,3,2,2,4,2,4,3,4,3,4,4,2,1
"197","197",30,"female","Abitur","Ausbildung",3,3,3,1,2,3,4,3,1,2,2,2,4,3,1,1,7,1,7,2,4,2,3,5,2,1
"198","198",23,"male","Abitur","none",4,3,3,3,4,2,3,3,3,2,1,2,4,2,2,2,4,2,6,3,5,2,3,2,2,1
"200","200",34,"female","Abitur","Fachhochschulabschluss",4,4,4,3,5,2,4,3,1,1,1,1,3,2,1,1,3,1,7,1,5,1,1,3,1,1
"201","201",31,"male","Abitur","Hochschulabschluss",4,4,3,2,4,3,2,3,3,2,2,2,3,3,2,2,2,2,2,2,2,3,2,3,3,1
"202","202",22,"male","Abitur","none",4,3,2,2,3,4,4,4,4,4,2,4,4,4,4,2,5,2,7,6,7,3,3,3,3,1
"203","203",24,"female","Abitur","none",4,3,2,1,2,2,2,3,2,3,3,2,4,3,2,6,5,6,3,5,4,6,3,5,4,1
"204","204",20,"female","Abitur","none",1,0,1,0,0,3,3,3,4,4,2,3,1,1,3,4,5,2,6,3,4,3,4,1,4,1
"205","205",41,"female","Abitur","Hochschulabschluss",3,3,3,4,4,2,1,2,3,3,3,3,3,4,1,3,3,5,4,5,2,4,5,3,5,1
"206","206",27,"female","Abitur","Hochschulabschluss",4,2,4,3,5,2,3,3,2,2,1,1,1,1,1,1,7,3,7,1,7,5,7,7,5,1
"210","210",43,"female","Abitur","Fachhochschulabschluss",2,3,1,1,2,2,4,4,2,3,2,2,4,4,2,2,5,2,6,3,6,2,4,4,2,1
"211","211",25,"female","Abitur","Hochschulabschluss",3,2,2,1,2,2,4,4,3,2,3,3,3,2,2,4,5,2,6,6,3,3,3,2,3,1
"212","212",27,"male","Abitur","none",1,1,2,2,4,3,3,3,2,3,3,3,4,1,2,3,2,4,5,5,6,4,4,2,4,1
"215","215",30,"divers","Abitur","Promotion",4,2,2,1,2,4,3,4,4,3,3,4,2,2,3,3,6,5,7,5,6,3,5,3,3,1
"216","216",39,"male","Abitur","Hochschulabschluss",1,1,1,1,4,3,4,4,2,3,3,2,4,4,2,NA,NA,NA,NA,NA,NA,NA,NA,NA,NA,1
"217","217",19,"female","Abitur","none",4,3,3,2,4,2,3,2,2,1,1,2,4,3,2,3,5,4,6,5,5,2,2,4,3,1
"218","218",72,"female","Realschule","Ausbildung",3,2,2,3,3,3,3,3,3,3,3,2,4,4,2,4,4,4,5,4,5,4,4,3,4,1
"220","220",20,"female","Abitur","none",1,3,1,2,4,2,4,4,2,2,1,2,3,2,2,5,3,5,7,2,2,2,1,1,2,1
"223","223",68,"female","Abitur","Hochschulabschluss",4,4,4,4,4,2,2,2,2,2,2,2,3,3,2,4,6,2,7,2,6,4,3,6,3,1
"224","224",44,"female","Abitur","Hochschulabschluss",1,1,0,0,1,4,3,2,3,3,3,3,2,3,2,7,3,6,4,6,4,4,5,4,4,1
"225","225",18,"female","Realschule","none",1,1,1,1,1,1,1,3,3,4,3,1,1,2,1,4,4,4,7,6,4,5,7,1,5,1
"226","226",26,"female","Abitur","none",5,1,4,2,5,2,2,1,1,1,1,2,2,1,1,1,3,1,7,2,3,1,1,3,1,1
"227","227",20,"female","Abitur","none",1,1,1,1,1,2,2,2,2,3,3,2,2,2,2,2,1,2,2,2,5,2,4,2,2,1
"228","228",58,"female","Abitur","Promotion",4,2,4,3,4,2,3,2,2,2,2,1,3,3,2,1,1,2,1,1,1,1,1,1,1,1
"230","230",22,"male","Abitur","none",3,2,2,0,4,3,4,4,3,3,2,2,4,4,3,2,3,2,7,7,7,3,4,3,3,1
"231","231",45,"female","Abitur","Hochschulabschluss",3,2,1,1,2,4,4,4,4,4,4,4,4,4,4,5,6,3,6,7,7,7,7,7,7,1
"232","232",26,"female","Abitur","none",4,4,4,4,4,1,1,2,2,1,1,1,3,2,1,1,6,2,7,2,6,1,2,4,2,1
"233","233",20,"female","Abitur","none",4,1,4,4,4,2,4,4,3,1,1,1,4,4,2,1,6,1,7,5,7,3,4,6,3,1
"234","234",19,"female","Abitur","none",1,1,1,1,1,3,1,3,4,4,4,3,1,2,3,6,2,6,3,7,1,6,5,2,6,1
"236","236",23,"male","Abitur","none",4,NA,3,3,1,3,2,2,3,2,2,3,4,3,1,4,5,3,6,5,5,4,4,4,5,1
"237","237",38,"female","Abitur","Hochschulabschluss",1,0,0,0,1,4,3,3,4,3,4,4,4,3,3,6,2,6,5,4,4,5,6,4,5,1
"238","238",20,"female","Abitur","none",1,1,2,1,1,4,2,4,3,4,3,3,2,3,4,2,2,3,6,4,5,6,7,3,5,1
"239","239",41,"female","Abitur","Ausbildung",3,3,3,4,5,2,4,4,2,2,2,2,3,3,1,1,5,6,7,5,7,2,4,3,1,1
"240","240",35,"female","Abitur","Hochschulabschluss",1,0,2,1,4,2,1,2,3,2,2,2,3,3,2,NA,NA,NA,NA,NA,NA,NA,NA,NA,NA,1
"242","242",24,"male","Abitur","Hochschulabschluss",2,3,2,3,2,3,3,2,3,3,2,2,2,2,3,4,3,4,5,4,2,3,3,2,4,1
"244","244",22,"female","Abitur","none",1,1,1,3,2,4,2,3,1,2,3,2,4,4,2,1,2,1,5,1,1,1,3,1,2,1
"245","245",35,"male","Abitur","Fachhochschulabschluss",4,2,4,5,5,4,4,4,4,4,4,4,4,4,4,NA,NA,NA,NA,NA,NA,NA,NA,NA,NA,1
"246","246",29,"male","Abitur","Ausbildung",3,3,1,2,3,2,2,3,2,2,2,2,3,3,2,3,5,3,6,4,5,3,4,2,3,1
"249","249",20,"female","Abitur","none",0,0,1,1,1,2,2,1,1,2,2,3,1,1,1,3,1,4,4,4,3,4,4,1,3,1
"250","250",20,"female","Abitur","none",4,2,4,4,4,2,1,2,3,2,2,2,1,1,2,5,6,5,3,3,6,5,4,6,5,1
"251","251",21,"female","Abitur","none",4,4,4,4,4,1,2,2,1,3,1,1,3,3,1,1,6,4,7,2,6,1,1,5,1,1
"253","253",20,"female","Abitur","none",1,1,3,2,2,3,3,3,2,2,3,2,3,2,2,2,3,3,4,3,5,3,2,2,2,1
"254","254",26,"female","Abitur","Ausbildung",4,4,4,3,3,3,3,4,2,2,3,2,3,3,2,2,2,3,7,5,4,3,3,6,3,1
"255","255",19,"female","Abitur","none",3,0,1,1,4,4,4,3,3,3,3,4,2,3,2,2,3,4,7,2,3,2,4,3,2,1
"256","256",38,"female","Abitur","Hochschulabschluss",1,3,1,4,4,2,4,4,1,2,1,1,4,4,1,2,5,2,6,4,6,2,4,5,2,1
"257","257",21,"female","Abitur","none",1,1,1,0,1,2,3,3,2,2,1,2,3,2,3,3,4,5,6,6,4,5,5,3,5,1
"258","258",20,"female","Abitur","none",4,1,4,4,4,2,1,2,2,1,2,2,1,1,2,5,5,5,3,3,5,5,3,6,5,1
"259","259",21,"male","Abitur","none",4,3,3,3,4,2,3,3,2,2,3,2,3,1,2,5,4,3,2,5,3,4,4,6,4,1
"261","261",21,"female","Abitur","none",1,1,1,1,2,3,3,3,3,3,4,3,3,3,3,5,3,3,4,5,3,5,4,4,4,1
"263","263",20,"female","Abitur","none",3,1,2,1,3,1,3,3,1,1,1,1,3,1,1,2,3,3,6,2,4,5,4,2,3,1
"264","264",19,"female","Abitur","none",2,3,1,2,3,2,3,3,3,2,2,2,3,3,2,4,4,2,5,2,1,3,3,5,2,1
"265","265",25,"female","Abitur","none",3,1,3,2,4,3,3,4,2,3,2,2,3,2,2,6,7,6,7,5,3,6,3,6,6,1
"266","266",31,"female","Abitur","Ausbildung",4,3,4,4,3,2,3,2,2,2,3,3,4,1,2,3,6,1,6,3,6,5,3,5,3,1
"267","267",19,"female","Abitur","none",4,3,4,4,3,1,1,1,1,1,1,1,1,2,1,1,7,1,7,3,7,1,1,3,1,1
"268","268",30,"male","Abitur","Fachhochschulabschluss",4,3,3,2,5,2,1,1,2,3,2,2,2,3,2,3,6,4,5,4,4,3,3,5,3,1
"269","269",23,"female","Abitur","Hochschulabschluss",2,2,2,2,2,2,2,2,3,2,2,2,1,1,1,4,6,4,7,4,7,4,5,5,4,1
"270","270",18,"female","Abitur","none",3,3,2,2,3,3,4,4,3,2,2,3,4,3,2,3,5,5,6,5,6,3,5,6,3,1
"271","271",18,"female","Abitur","none",3,1,3,2,1,3,4,4,3,2,2,3,4,2,3,2,2,4,3,3,5,3,3,2,3,1
"272","272",20,"female","Abitur","none",4,2,3,4,2,3,3,4,2,2,2,3,3,4,2,2,5,2,6,3,6,2,4,3,2,1
"274","274",35,"female","Abitur","Hochschulabschluss",0,0,1,0,1,3,4,3,3,3,2,2,2,1,3,2,7,5,7,6,7,5,7,6,5,1
"275","275",27,"female","Abitur","Ausbildung",2,1,2,1,3,3,2,2,2,3,2,2,2,2,2,3,3,3,5,4,3,4,4,2,5,1
"277","277",21,"female","Abitur","none",4,2,3,2,1,2,2,3,3,2,2,2,4,3,2,1,7,1,7,2,7,1,4,7,1,1
"278","278",20,"female","Abitur","none",1,1,1,1,2,3,3,4,3,3,3,4,4,4,3,5,3,5,3,5,3,5,6,3,5,1
"279","279",26,"female","Abitur","none",2,1,1,1,2,2,3,3,2,1,3,2,2,1,1,4,6,4,7,5,5,4,4,4,4,1
"280","280",20,"female","Abitur","none",1,1,1,3,0,3,4,4,3,2,2,3,2,4,3,5,6,6,7,3,6,5,5,6,6,1
"281","281",18,"female","Abitur","none",4,3,4,3,3,2,2,3,3,2,2,2,3,3,2,2,3,2,2,2,4,2,3,2,2,1
"282","282",20,"female","Abitur","none",2,1,2,3,2,2,4,3,3,2,2,2,3,3,1,3,1,3,5,3,2,3,3,2,3,1
"283","283",22,"female","Abitur","Ausbildung",3,2,1,3,3,2,2,3,2,2,3,2,3,2,2,3,NA,2,6,3,3,3,4,2,3,1
"285","285",34,"female","Abitur","Hochschulabschluss",3,2,2,1,4,2,2,2,2,2,2,1,2,3,2,3,5,3,4,3,3,3,5,3,3,1
"286","286",21,"female","Abitur","none",3,2,1,1,1,3,2,3,3,3,2,2,3,2,3,3,6,5,6,6,6,5,5,3,3,1
"287","287",20,"female","Abitur","none",3,2,1,2,2,2,2,3,1,2,2,1,3,3,1,3,5,3,7,4,7,3,4,6,4,1
"288","288",21,"female","Abitur","none",4,3,3,4,4,2,3,3,2,1,1,2,3,3,1,2,4,1,6,3,4,2,3,1,2,1
"289","289",22,"female","Abitur","none",0,1,1,1,1,3,3,3,3,4,3,3,3,2,3,4,5,4,6,4,5,3,5,4,3,1
"290","290",20,"female","Abitur","none",2,0,0,0,0,3,3,3,2,2,2,3,3,3,2,6,2,3,5,6,3,5,5,4,4,1
"292","292",32,"female","Abitur","Hochschulabschluss",5,5,4,4,4,1,1,1,1,1,1,1,1,1,1,1,7,1,7,2,7,1,1,7,1,1
"293","293",29,"male","Abitur","Ausbildung",1,2,3,4,1,2,3,3,2,2,2,2,3,2,1,4,6,3,6,2,6,1,2,4,3,1
"294","294",20,"female","Abitur","none",1,0,1,0,2,2,2,1,1,1,1,2,3,2,2,1,5,1,6,2,5,1,1,3,2,1
"295","295",25,"female","Abitur","none",2,2,3,0,3,2,3,4,2,1,4,2,4,3,1,4,3,2,3,3,1,5,5,1,2,1
"297","297",20,"female","Abitur","none",3,2,3,1,2,2,3,2,3,2,2,1,3,2,2,2,5,2,6,5,5,3,4,5,3,1
"298","298",19,"female","Abitur","none",3,3,4,2,3,2,3,4,2,1,1,1,3,2,2,3,6,5,3,3,6,2,3,6,3,1
"299","299",20,"female","Abitur","none",2,2,3,2,3,3,4,3,3,3,3,3,4,3,3,NA,NA,NA,NA,NA,NA,NA,NA,NA,NA,1
"300","300",20,"female","Abitur","none",1,1,3,1,0,3,2,3,2,3,3,2,2,1,2,4,3,5,6,6,6,4,4,5,3,1
"301","301",20,"male","Abitur","none",4,4,3,3,5,1,4,1,1,1,1,1,4,4,1,1,5,1,6,1,2,1,2,3,2,1
"302","302",22,"male","Abitur","Ausbildung",2,2,4,2,2,2,3,2,4,2,3,2,3,2,3,3,3,6,5,4,3,2,2,2,5,1
"303","303",21,"female","Abitur","none",2,1,1,1,2,2,2,2,2,2,2,2,2,2,2,3,2,3,3,2,2,4,3,2,3,1
"304","304",20,"female","Abitur","none",3,2,3,1,1,2,2,2,1,1,1,2,1,1,1,1,4,2,5,2,3,2,1,1,3,1
"305","305",20,"female","Abitur","none",4,3,4,4,4,1,4,4,2,2,2,2,4,4,2,5,7,5,2,5,7,3,5,7,3,1
"306","306",18,"female","Abitur","none",4,3,4,4,4,3,2,3,3,2,2,3,3,2,2,2,3,2,6,4,3,3,3,2,2,1
"307","307",28,"female","Abitur","Fachhochschulabschluss",2,1,2,1,3,2,2,3,3,1,2,2,2,2,1,3,6,3,7,5,7,2,3,3,3,1
"308","308",21,"male","Abitur","none",2,1,3,1,1,2,1,2,1,2,1,1,1,2,2,2,2,1,4,2,2,2,1,2,4,1
"310","310",50,"male","Abitur","Hochschulabschluss",3,4,4,0,4,1,1,2,1,1,1,1,2,1,1,4,6,4,7,5,4,6,6,5,5,1
"311","311",34,"male","Abitur","Fachhochschulabschluss",4,4,4,3,3,2,3,4,3,2,2,2,3,3,1,4,6,2,6,2,6,6,2,6,2,1
"313","313",50,"female","Abitur","Hochschulabschluss",4,3,5,4,4,1,4,4,3,1,2,1,3,3,1,2,6,3,7,2,7,1,3,7,5,1
"314","314",21,"female","Abitur","none",3,1,3,1,3,1,2,3,2,2,2,2,3,2,1,2,3,2,6,3,5,3,3,3,3,1
"316","316",26,"female","Abitur","Hochschulabschluss",2,1,2,1,2,3,2,3,3,4,2,2,3,2,2,3,5,2,6,5,5,3,6,6,4,1
"317","317",30,"female","Abitur","Hochschulabschluss",4,3,3,1,4,3,3,2,2,3,2,2,3,3,3,3,3,2,6,3,3,2,2,3,2,1
"318","318",47,"male","Abitur","Hochschulabschluss",4,4,3,3,4,2,2,3,2,3,3,2,2,3,2,5,2,5,3,6,2,5,5,2,3,1
"319","319",23,"female","Abitur","none",4,3,3,3,3,3,2,1,3,3,2,2,1,1,2,3,7,4,7,6,6,4,5,5,4,1
"320","320",22,"female","Abitur","none",4,4,4,4,5,1,4,4,4,3,1,1,4,4,1,1,7,3,7,2,7,2,1,2,1,1
"321","321",21,"female","Abitur","none",4,3,4,4,4,2,3,4,3,2,4,3,4,2,2,3,7,3,7,5,7,3,5,6,3,1
"323","323",19,"female","Abitur","none",2,2,3,3,4,2,3,2,2,2,1,2,3,3,2,2,3,2,6,3,4,4,3,2,2,1
"325","325",20,"female","Abitur","none",3,1,2,3,2,2,3,3,2,2,2,2,1,3,2,2,6,2,6,4,6,3,5,4,3,1
"327","327",22,"female","Abitur","none",3,2,1,2,1,1,3,2,1,4,1,1,2,1,2,4,5,3,2,3,4,3,2,5,4,1
"329","329",26,"female","Abitur","Ausbildung",2,NA,1,3,3,3,3,3,4,2,3,2,4,3,1,3,6,3,6,3,5,2,2,3,2,1
"330","330",19,"female","Abitur","none",4,4,2,1,2,3,3,3,2,2,2,1,3,2,1,6,5,6,2,6,4,6,5,4,6,1
"332","332",20,"female","Abitur","none",4,4,4,3,3,3,2,3,2,2,3,3,2,1,2,2,5,3,5,3,3,5,3,2,3,1
"333","333",33,"female","Abitur","Hochschulabschluss",4,4,4,0,4,3,3,3,3,3,3,3,3,3,3,3,3,3,5,4,3,3,3,5,3,1
"334","334",21,"female","Abitur","none",2,0,1,0,3,2,2,3,1,1,2,1,2,2,1,3,2,3,6,2,2,3,3,1,2,1
"335","335",34,"female","Abitur","Ausbildung",4,4,3,3,3,2,2,3,3,2,2,2,3,3,2,5,5,6,2,6,3,6,4,5,5,1
"337","337",27,"male","Abitur","Hochschulabschluss",4,2,3,3,2,4,2,3,3,3,2,2,3,4,3,4,1,5,6,3,2,4,3,3,3,1
"339","339",42,"female","Abitur","Hochschulabschluss",4,1,4,0,5,3,4,4,2,2,2,3,4,1,3,3,2,6,6,7,4,3,4,6,6,1
"340","340",23,"female","Abitur","none",1,0,2,3,3,3,2,2,3,3,2,3,1,2,3,2,2,3,5,4,2,2,3,3,2,1
"341","341",22,"female","Abitur","Ausbildung",2,1,2,1,2,4,4,4,4,4,4,4,4,4,4,4,6,6,6,6,6,6,6,7,6,1
"342","342",20,"female","Abitur","none",1,0,3,0,3,3,3,2,4,2,3,3,2,3,2,5,3,4,6,6,5,3,3,3,2,1
"343","343",21,"female","Abitur","none",3,3,2,4,1,3,2,1,3,4,4,3,2,1,2,3,3,5,5,3,5,5,5,2,5,1
"344","344",38,"divers","Abitur","Hochschulabschluss",4,3,4,2,3,2,2,3,2,1,1,2,3,3,1,2,5,2,6,2,4,2,1,2,2,1
"348","348",26,"female","Abitur","none",3,2,2,3,4,3,3,2,3,2,3,2,2,2,1,3,5,3,5,6,6,3,5,6,2,1
"349","349",20,"female","Abitur","none",4,4,4,3,4,2,2,3,2,2,1,2,2,2,2,2,4,2,6,2,5,2,3,5,2,1
"350","350",23,"female","Abitur","Hochschulabschluss",3,0,4,1,1,1,1,1,3,1,1,1,1,1,1,2,7,5,3,1,7,1,1,7,2,1
"351","351",38,"female","Abitur","Ausbildung",1,1,1,0,2,1,2,2,2,1,3,1,4,2,1,2,3,1,6,2,2,2,5,2,2,1
"352","352",27,"male","Abitur","Hochschulabschluss",4,3,2,1,4,3,4,4,4,4,4,4,4,4,3,6,1,7,7,7,6,7,7,4,7,1
"353","353",36,"female","Abitur","Fachhochschulabschluss",3,2,2,2,2,3,3,3,3,2,2,3,3,3,2,3,3,3,6,5,5,3,3,5,3,1
"354","354",21,"female","Abitur","none",3,1,2,4,3,2,3,3,2,1,1,2,3,3,2,2,5,2,6,3,5,2,3,4,2,1
"355","355",29,"male","Abitur","none",1,1,1,0,2,2,3,3,3,3,4,2,2,4,1,6,3,6,6,3,5,6,6,5,6,1
"356","356",26,"female","Abitur","none",3,4,4,3,4,2,2,3,1,2,2,2,3,2,1,5,2,6,1,6,2,6,6,3,6,1
"357","115",25,"female","Fachhochschul-/Hochschulabschluss","Angestellte/r Rettungsdienst",4,3,4,1,4,2,2,3,2,1,1,1,2,1,1,NA,NA,NA,NA,NA,NA,NA,NA,NA,NA,2
"358","120",25,"female","Fachhochschul-/Hochschulabschluss","StudentIn",3,4,2,0,4,1,1,1,1,2,2,1,2,1,1,NA,NA,NA,NA,NA,NA,NA,NA,NA,NA,2
"359","122",28,"male","Fachhochschul-/Hochschulabschluss","StudentIn",2,2,2,1,1,2,1,2,3,2,2,2,2,2,2,NA,NA,NA,NA,NA,NA,NA,NA,NA,NA,2
"360","123",31,"male","Fachhochschul-/Hochschulabschluss","Angestellte/r, sonstiges",4,4,2,2,4,2,2,2,3,3,2,3,3,4,2,NA,NA,NA,NA,NA,NA,NA,NA,NA,NA,2
"361","129",52,"male","Abgeschlossene Lehre","Angestellte/r Rettungsdienst",4,3,3,3,4,3,4,4,4,4,4,4,4,4,4,NA,NA,NA,NA,NA,NA,NA,NA,NA,NA,2
"362","130",24,"female","Abitur","Angestellte/r Rettungsdienst",2,1,2,0,3,2,3,3,2,1,1,1,3,3,1,NA,NA,NA,NA,NA,NA,NA,NA,NA,NA,2
"363","132",28,"male","Abitur","Angestellte/r Rettungsdienst",3,1,1,1,2,1,3,3,2,2,2,3,4,4,1,NA,NA,NA,NA,NA,NA,NA,NA,NA,NA,2
"364","133",33,"male","Mittlere Reife","Angestellte/r Rettungsdienst",3,1,1,1,1,2,2,3,2,3,1,1,4,4,1,NA,NA,NA,NA,NA,NA,NA,NA,NA,NA,2
"365","134",22,"male","Abitur","StudentIn",3,1,4,1,3,2,2,3,2,2,2,2,4,4,2,NA,NA,NA,NA,NA,NA,NA,NA,NA,NA,2
"366","138",22,"female","Abitur","StudentIn",1,1,1,0,1,4,2,4,4,1,4,4,4,1,1,NA,NA,NA,NA,NA,NA,NA,NA,NA,NA,2
"367","140",25,"female","Abitur","Angestellte/r Rettungsdienst",4,4,4,3,3,2,2,2,2,2,2,2,2,2,2,NA,NA,NA,NA,NA,NA,NA,NA,NA,NA,2
"368","142",24,"male","Abitur","Angestellte/r, sonstiges",1,0,0,0,2,2,4,3,3,2,2,2,3,3,2,NA,NA,NA,NA,NA,NA,NA,NA,NA,NA,2
"369","145",24,"male","Fachhochschul-/Hochschulabschluss","Angestellte/r, sonstiges",4,1,2,0,3,3,2,3,2,2,2,3,2,3,3,NA,NA,NA,NA,NA,NA,NA,NA,NA,NA,2
"371","163",23,"male","Abgeschlossene Lehre","Angestellte/r, sonstiges",2,3,3,1,2,4,2,3,4,4,4,4,4,3,4,NA,NA,NA,NA,NA,NA,NA,NA,NA,NA,2
"372","170",34,"male","Abitur","Angestellte/r Rettungsdienst",1,1,0,0,1,3,3,3,4,4,3,3,4,3,4,NA,NA,NA,NA,NA,NA,NA,NA,NA,NA,2
"373","171",30,"male","Hauptschulabschluss","Angestellte/r, sonstiges",1,2,1,1,4,1,2,2,2,1,1,1,3,4,1,NA,NA,NA,NA,NA,NA,NA,NA,NA,NA,2
"374","173",38,"male","Abitur","Beamte/r, sonstiges",4,3,3,1,4,3,3,3,3,3,3,3,3,3,3,NA,NA,NA,NA,NA,NA,NA,NA,NA,NA,2
"375","184",45,"male","Abitur","Angestellte/r Rettungsdienst",2,1,0,0,1,3,2,3,3,3,3,4,4,3,3,NA,NA,NA,NA,NA,NA,NA,NA,NA,NA,2
"376","187",54,"male","Abgeschlossene Lehre","Angestellte/r Rettungsdienst",2,2,2,1,2,2,2,2,1,2,2,1,3,3,1,NA,NA,NA,NA,NA,NA,NA,NA,NA,NA,2
"379","192",23,"female","Mittlere Reife","Angestellte/r Rettungsdienst",1,0,0,0,4,1,1,1,1,1,1,1,4,4,1,NA,NA,NA,NA,NA,NA,NA,NA,NA,NA,2
"380","196",36,"male","Abitur","Angestellte/r, sonstiges",4,5,4,2,1,2,2,2,2,2,2,2,2,2,2,NA,NA,NA,NA,NA,NA,NA,NA,NA,NA,2
"381","201",25,"female","Abitur","In Ausbildung",3,2,3,1,2,2,3,4,3,1,1,2,2,2,1,NA,NA,NA,NA,NA,NA,NA,NA,NA,NA,2
"383","216",23,"female","Abitur","Angestellte/r Rettungsdienst",1,1,1,2,2,3,2,3,2,3,2,3,2,2,2,NA,NA,NA,NA,NA,NA,NA,NA,NA,NA,2
"384","218",29,"female","Fachabitur","Angestellte/r Rettungsdienst",4,4,4,4,4,1,2,2,1,2,1,1,3,3,2,NA,NA,NA,NA,NA,NA,NA,NA,NA,NA,2
"385","221",26,"female","Abgeschlossene Lehre","Angestellte/r, sonstiges",4,3,4,2,3,1,1,1,1,1,1,1,3,3,1,NA,NA,NA,NA,NA,NA,NA,NA,NA,NA,2
"386","224",30,"male","Fachabitur","Angestellte/r Rettungsdienst",4,2,2,4,1,3,1,1,1,2,1,1,1,1,1,NA,NA,NA,NA,NA,NA,NA,NA,NA,NA,2
"387","227",29,"male","Abitur","StudentIn",3,3,2,2,3,2,2,2,2,2,2,2,3,2,1,NA,NA,NA,NA,NA,NA,NA,NA,NA,NA,2
"388","228",22,"female","Abitur","In Ausbildung",3,2,1,1,4,2,4,4,2,1,1,2,4,2,2,NA,NA,NA,NA,NA,NA,NA,NA,NA,NA,2
"389","233",26,"male","Abgeschlossene Lehre","Angestellte/r Rettungsdienst",4,3,4,4,2,4,2,3,3,2,2,3,3,3,2,NA,NA,NA,NA,NA,NA,NA,NA,NA,NA,2
"390","236",45,"male","Fachhochschul-/Hochschulabschluss","Angestellte/r, sonstiges",4,4,4,4,4,1,2,2,2,2,2,2,4,3,1,NA,NA,NA,NA,NA,NA,NA,NA,NA,NA,2
"391","240",36,"female","Mittlere Reife","Angestellte/r, sonstiges",4,4,4,4,4,2,2,3,3,3,2,3,3,3,2,NA,NA,NA,NA,NA,NA,NA,NA,NA,NA,2
"393","242",24,"male","Abitur","Angestellte/r, sonstiges",4,3,3,2,4,3,2,2,2,3,2,2,2,1,2,NA,NA,NA,NA,NA,NA,NA,NA,NA,NA,2
"395","247",23,"male","Abitur","In Ausbildung",4,4,4,5,3,1,3,1,2,2,1,1,2,3,1,NA,NA,NA,NA,NA,NA,NA,NA,NA,NA,2
"396","248",18,"female","Abitur","Angestellte/r Rettungsdienst",4,4,3,3,4,2,2,3,2,1,1,2,2,3,2,NA,NA,NA,NA,NA,NA,NA,NA,NA,NA,2
"398","257",29,"female","Fachhochschul-/Hochschulabschluss","Angestellte/r Rettungsdienst",1,2,0,0,3,2,2,2,4,2,1,3,1,1,1,NA,NA,NA,NA,NA,NA,NA,NA,NA,NA,2
"399","270",26,"female","Abitur","Angestellte/r Rettungsdienst",4,4,4,4,4,1,2,3,1,1,1,1,3,3,1,NA,NA,NA,NA,NA,NA,NA,NA,NA,NA,2
"400","272",19,"female","Abitur","Angestellte/r Rettungsdienst",2,1,1,0,1,1,4,4,1,1,1,1,4,4,1,NA,NA,NA,NA,NA,NA,NA,NA,NA,NA,2
"401","282",29,"male","Fachhochschul-/Hochschulabschluss","Angestellte/r, sonstiges",2,3,1,2,2,2,1,2,2,3,1,3,1,1,3,NA,NA,NA,NA,NA,NA,NA,NA,NA,NA,2
"402","285",34,"male","Abitur","StudentIn",1,1,3,2,1,3,2,4,4,3,3,4,4,2,3,NA,NA,NA,NA,NA,NA,NA,NA,NA,NA,2
"403","290",29,"male","Abitur","Beamte/r im Bereich Feuerwehr/Rettungsdienst",4,4,3,3,4,3,4,4,3,2,2,2,4,2,2,NA,NA,NA,NA,NA,NA,NA,NA,NA,NA,2
"404","291",54,"male","Abgeschlossene Lehre","Angestellte/r Rettungsdienst",4,4,3,2,4,2,2,2,3,2,2,3,4,1,2,NA,NA,NA,NA,NA,NA,NA,NA,NA,NA,2
"405","297",26,"female","Abgeschlossene Lehre","Beamte/r im Bereich Feuerwehr/Rettungsdienst",4,3,5,4,4,2,3,3,2,2,2,3,2,4,1,NA,NA,NA,NA,NA,NA,NA,NA,NA,NA,2
"409","308",26,"male","Abitur","In Ausbildung",5,5,5,4,5,1,1,1,1,1,1,1,2,2,1,NA,NA,NA,NA,NA,NA,NA,NA,NA,NA,2
"411","320",25,"female","Abitur","StudentIn",4,3,4,3,3,2,4,4,4,4,4,4,4,4,4,NA,NA,NA,NA,NA,NA,NA,NA,NA,NA,2
"412","324",35,"male","Mittlere Reife","Beamte/r im Bereich Feuerwehr/Rettungsdienst",4,1,3,1,4,2,2,3,2,2,1,2,2,3,2,NA,NA,NA,NA,NA,NA,NA,NA,NA,NA,2
"413","327",22,"female","Abitur","StudentIn",3,4,4,3,1,3,2,3,3,4,4,3,3,3,3,NA,NA,NA,NA,NA,NA,NA,NA,NA,NA,2
"414","334",36,"male","Abgeschlossene Lehre","Angestellte/r, sonstiges",2,4,1,1,4,4,3,3,4,3,2,4,4,1,2,NA,NA,NA,NA,NA,NA,NA,NA,NA,NA,2
"415","343",29,"male","Abgeschlossene Lehre","Beamte/r im Bereich Feuerwehr/Rettungsdienst",4,4,4,4,4,1,2,3,1,1,1,1,2,2,1,NA,NA,NA,NA,NA,NA,NA,NA,NA,NA,2
"416","344",36,"male","Mittlere Reife","Angestellte/r Rettungsdienst",4,4,3,4,3,1,3,3,3,3,1,1,4,4,1,NA,NA,NA,NA,NA,NA,NA,NA,NA,NA,2
"417","345",23,"male","Abitur","Angestellte/r Rettungsdienst",4,4,4,3,3,4,2,2,3,2,1,1,4,4,1,NA,NA,NA,NA,NA,NA,NA,NA,NA,NA,2
"418","346",22,"female","Abitur","Angestellte/r Rettungsdienst",1,1,2,2,3,1,1,1,1,2,1,1,1,1,1,NA,NA,NA,NA,NA,NA,NA,NA,NA,NA,2
"419","347",36,"male","Abitur","Angestellte/r Rettungsdienst",3,2,2,1,3,2,2,2,2,2,2,2,2,2,2,NA,NA,NA,NA,NA,NA,NA,NA,NA,NA,2
"420","352",24,"male","Abgeschlossene Lehre","In Ausbildung",1,2,0,1,1,3,2,3,4,4,4,4,4,4,2,NA,NA,NA,NA,NA,NA,NA,NA,NA,NA,2
"421","355",40,"male","Abitur","Beamte/r im Bereich Feuerwehr/Rettungsdienst",4,4,3,3,3,2,1,4,2,2,2,2,2,3,2,NA,NA,NA,NA,NA,NA,NA,NA,NA,NA,2
"424","359",47,"male","Hauptschulabschluss","Beamte/r im Bereich Feuerwehr/Rettungsdienst",4,4,4,3,4,1,2,3,2,1,2,3,4,3,1,NA,NA,NA,NA,NA,NA,NA,NA,NA,NA,2
"425","363",28,"male","Fachabitur","Beamte/r im Bereich Feuerwehr/Rettungsdienst",4,3,3,4,4,3,2,2,2,2,2,2,4,2,2,NA,NA,NA,NA,NA,NA,NA,NA,NA,NA,2
"426","374",39,"male","Hauptschulabschluss","Beamte/r im Bereich Feuerwehr/Rettungsdienst",4,3,NA,0,2,2,2,2,1,1,1,1,2,3,1,NA,NA,NA,NA,NA,NA,NA,NA,NA,NA,2
"427","376",43,"male","Mittlere Reife","Angestellte/r Rettungsdienst",4,4,4,3,4,4,4,4,1,1,1,1,4,4,1,NA,NA,NA,NA,NA,NA,NA,NA,NA,NA,2
"428","379",24,"male","Abitur","StudentIn",3,1,2,1,4,3,2,2,2,2,2,2,2,3,3,NA,NA,NA,NA,NA,NA,NA,NA,NA,NA,2
"430","384",25,"male","Abitur","Angestellte/r, sonstiges",2,3,2,1,1,3,3,3,3,3,3,2,2,2,2,NA,NA,NA,NA,NA,NA,NA,NA,NA,NA,2
"431","389",31,"male","Fachabitur","Beamte/r im Bereich Feuerwehr/Rettungsdienst",4,4,4,4,4,2,3,2,2,2,2,2,3,3,2,NA,NA,NA,NA,NA,NA,NA,NA,NA,NA,2
"432","390",30,"male","Hauptschulabschluss","Beamte/r im Bereich Feuerwehr/Rettungsdienst",3,1,1,3,3,1,1,4,1,1,1,1,1,4,4,NA,NA,NA,NA,NA,NA,NA,NA,NA,NA,2
"433","393",31,"male","Hauptschulabschluss","Angestellte/r Rettungsdienst",4,2,2,1,1,2,2,2,2,2,2,2,2,2,2,NA,NA,NA,NA,NA,NA,NA,NA,NA,NA,2
"434","396",25,"female","Abitur","Angestellte/r Rettungsdienst",3,2,1,1,1,2,3,4,3,3,3,3,4,4,3,NA,NA,NA,NA,NA,NA,NA,NA,NA,NA,2
"435","401",23,"female","Abitur","Angestellte/r Rettungsdienst",2,2,1,1,3,2,1,3,2,3,2,2,2,3,2,NA,NA,NA,NA,NA,NA,NA,NA,NA,NA,2
"436","402",33,"male","Fachabitur","Beamte/r im Bereich Feuerwehr/Rettungsdienst",5,4,4,2,4,2,1,3,3,2,2,2,1,3,2,NA,NA,NA,NA,NA,NA,NA,NA,NA,NA,2
"437","410",21,"female","Abitur","StudentIn",4,2,3,3,4,3,1,2,1,2,2,2,3,1,1,NA,NA,NA,NA,NA,NA,NA,NA,NA,NA,2
"439","418",31,"male","Fachhochschul-/Hochschulabschluss","Angestellte/r, sonstiges",4,4,4,3,3,2,1,2,1,2,1,1,1,4,2,NA,NA,NA,NA,NA,NA,NA,NA,NA,NA,2
"440","421",48,"male","Fachhochschul-/Hochschulabschluss","Angestellte/r, sonstiges",3,4,3,3,3,2,2,3,4,2,3,3,2,3,2,NA,NA,NA,NA,NA,NA,NA,NA,NA,NA,2
"441","422",21,"male","Abitur","Angestellte/r Rettungsdienst",1,2,1,1,1,2,2,4,2,2,2,3,1,1,2,NA,NA,NA,NA,NA,NA,NA,NA,NA,NA,2
"442","423",34,"male","Mittlere Reife","Angestellte/r Rettungsdienst",4,4,4,2,4,2,2,1,1,1,1,1,4,2,1,NA,NA,NA,NA,NA,NA,NA,NA,NA,NA,2
"443","424",68,"male","Mittlere Reife","Angestellte/r Rettungsdienst",NA,NA,NA,NA,NA,2,2,2,2,2,2,2,3,3,2,NA,NA,NA,NA,NA,NA,NA,NA,NA,NA,2
"444","432",26,"male","Abitur","Angestellte/r Rettungsdienst",4,3,1,3,4,2,1,3,3,2,2,3,4,4,2,NA,NA,NA,NA,NA,NA,NA,NA,NA,NA,2
"445","434",22,"male","Abitur","Angestellte/r Rettungsdienst",4,3,3,1,4,1,3,4,2,3,2,1,3,1,1,NA,NA,NA,NA,NA,NA,NA,NA,NA,NA,2
"446","435",35,"female","Abgeschlossene Lehre","Angestellte/r Rettungsdienst",4,4,4,4,5,2,2,3,2,1,1,1,3,2,1,NA,NA,NA,NA,NA,NA,NA,NA,NA,NA,2
"447","436",28,"female","Hauptschulabschluss","Angestellte/r Rettungsdienst",3,3,3,1,2,1,2,1,2,1,1,1,4,4,1,NA,NA,NA,NA,NA,NA,NA,NA,NA,NA,2
"448","439",41,"male","Mittlere Reife","Angestellte/r Rettungsdienst",2,1,1,0,1,2,2,3,2,3,2,2,1,1,2,NA,NA,NA,NA,NA,NA,NA,NA,NA,NA,2
"449","441",36,"male","Fachhochschul-/Hochschulabschluss","Angestellte/r Rettungsdienst",4,4,4,4,3,1,2,1,1,1,1,1,2,2,1,NA,NA,NA,NA,NA,NA,NA,NA,NA,NA,2
"450","443",31,"male","Abgeschlossene Lehre","Angestellte/r Rettungsdienst",3,4,2,0,2,2,1,2,2,2,2,1,3,3,1,NA,NA,NA,NA,NA,NA,NA,NA,NA,NA,2
"452","451",34,"male","Abitur","Angestellte/r Rettungsdienst",4,4,3,4,4,2,2,3,2,2,2,2,2,2,2,NA,NA,NA,NA,NA,NA,NA,NA,NA,NA,2
"453","452",45,"female","Fachhochschul-/Hochschulabschluss","Angestellte/r Rettungsdienst",3,2,2,2,1,1,3,3,3,1,1,1,3,3,1,NA,NA,NA,NA,NA,NA,NA,NA,NA,NA,2
"454","454",21,"female","Mittlere Reife","Angestellte/r Rettungsdienst",3,4,3,1,2,2,2,2,2,4,3,2,2,2,2,NA,NA,NA,NA,NA,NA,NA,NA,NA,NA,2
"456","457",35,"male","Abgeschlossene Lehre","Angestellte/r Rettungsdienst",5,4,4,3,4,2,2,2,3,2,3,3,3,2,3,NA,NA,NA,NA,NA,NA,NA,NA,NA,NA,2
"457","459",20,"female","Abitur","Angestellte/r Rettungsdienst",2,1,0,0,3,3,2,3,3,3,3,4,3,3,2,NA,NA,NA,NA,NA,NA,NA,NA,NA,NA,2
"458","463",19,"female","Abitur","Angestellte/r Rettungsdienst",4,4,4,3,4,2,3,3,2,2,2,2,3,3,2,NA,NA,NA,NA,NA,NA,NA,NA,NA,NA,2
"459","464",20,"female","Fachabitur","Angestellte/r Rettungsdienst",3,2,4,2,3,3,2,2,2,2,2,2,2,3,3,NA,NA,NA,NA,NA,NA,NA,NA,NA,NA,2
"460","466",23,"male","Abitur","Angestellte/r Rettungsdienst",4,4,3,1,3,2,1,3,2,2,1,1,1,3,1,NA,NA,NA,NA,NA,NA,NA,NA,NA,NA,2
"461","468",23,"male","Fachabitur","In Ausbildung",4,4,4,3,4,1,2,2,3,3,3,3,2,2,2,NA,NA,NA,NA,NA,NA,NA,NA,NA,NA,2
"462","474",23,"male","Abitur","Angestellte/r Rettungsdienst",4,3,2,1,3,2,2,2,2,1,1,1,2,1,1,NA,NA,NA,NA,NA,NA,NA,NA,NA,NA,2
"463","475",39,"male","Mittlere Reife","Angestellte/r Rettungsdienst",4,4,1,3,3,1,1,1,1,4,1,1,4,4,1,NA,NA,NA,NA,NA,NA,NA,NA,NA,NA,2
"464","476",36,"male","Fachabitur","Angestellte/r Rettungsdienst",4,4,4,4,4,1,2,1,2,1,1,1,2,1,1,NA,NA,NA,NA,NA,NA,NA,NA,NA,NA,2
"466","478",30,"male","Abgeschlossene Lehre","Beamte/r im Bereich Feuerwehr/Rettungsdienst",4,4,2,0,4,2,2,2,2,2,1,1,3,3,2,NA,NA,NA,NA,NA,NA,NA,NA,NA,NA,2
"467","481",48,"male","Mittlere Reife","Beamte/r im Bereich Feuerwehr/Rettungsdienst",4,4,4,3,3,4,3,3,2,2,2,2,3,4,4,NA,NA,NA,NA,NA,NA,NA,NA,NA,NA,2
"468","482",28,"male","Fachabitur","Beamte/r im Bereich Feuerwehr/Rettungsdienst",1,0,1,0,1,3,3,4,4,4,3,4,4,3,4,NA,NA,NA,NA,NA,NA,NA,NA,NA,NA,2
"471","515",26,"male","Mittlere Reife","Beamte/r im Bereich Feuerwehr/Rettungsdienst",3,1,2,2,1,2,1,2,4,1,3,4,4,3,3,NA,NA,NA,NA,NA,NA,NA,NA,NA,NA,2
"472","520",46,"male","Abitur","Angestellte/r Rettungsdienst",4,3,4,0,3,3,3,4,3,4,2,2,3,4,3,NA,NA,NA,NA,NA,NA,NA,NA,NA,NA,2
"473","521",21,"male","Abitur","StudentIn",4,3,3,2,4,3,2,3,3,3,3,3,2,3,3,NA,NA,NA,NA,NA,NA,NA,NA,NA,NA,2
"475","531",24,"male","Abitur","StudentIn",2,2,1,0,2,3,4,4,4,2,2,3,2,4,2,NA,NA,NA,NA,NA,NA,NA,NA,NA,NA,2
"476","533",32,"male","Fachabitur","Angestellte/r Rettungsdienst",4,4,3,4,4,2,3,3,2,1,1,1,3,2,1,NA,NA,NA,NA,NA,NA,NA,NA,NA,NA,2
"477","535",27,"male","Mittlere Reife","Angestellte/r Rettungsdienst",4,2,2,1,4,2,2,3,4,4,1,3,4,4,3,NA,NA,NA,NA,NA,NA,NA,NA,NA,NA,2
"478","541",23,"male","Abitur","Beamte/r im Bereich Feuerwehr/Rettungsdienst",4,2,4,3,4,1,2,4,2,2,1,2,3,4,2,NA,NA,NA,NA,NA,NA,NA,NA,NA,NA,2
"479","557",25,"male","Abitur","In Ausbildung",3,1,3,1,5,3,2,4,3,3,2,3,4,4,3,NA,NA,NA,NA,NA,NA,NA,NA,NA,NA,2
"480","560",32,"female","Abitur","Angestellte/r Rettungsdienst",4,2,3,1,2,2,2,2,2,3,2,2,3,2,2,NA,NA,NA,NA,NA,NA,NA,NA,NA,NA,2
"481","562",44,"male","Mittlere Reife",NA,3,4,3,4,2,4,3,4,4,3,2,3,4,4,2,NA,NA,NA,NA,NA,NA,NA,NA,NA,NA,2
"482","564",39,"male","Mittlere Reife","Angestellte/r Rettungsdienst",4,4,4,4,5,1,2,2,1,1,1,1,1,3,1,NA,NA,NA,NA,NA,NA,NA,NA,NA,NA,2
"483","565",38,"male","Mittlere Reife","Angestellte/r Rettungsdienst",2,2,1,1,2,2,3,3,3,3,3,3,3,3,3,NA,NA,NA,NA,NA,NA,NA,NA,NA,NA,2
"484","566",41,"female","Fachhochschul-/Hochschulabschluss","Angestellte/r Rettungsdienst",0,0,0,0,0,1,1,3,1,2,3,3,1,1,3,NA,NA,NA,NA,NA,NA,NA,NA,NA,NA,2
"485","567",32,"male","Abitur","Angestellte/r Rettungsdienst",3,4,2,2,2,3,2,3,2,2,2,2,3,2,2,NA,NA,NA,NA,NA,NA,NA,NA,NA,NA,2
"486","568",25,"male","Mittlere Reife","Angestellte/r Rettungsdienst",4,1,3,1,3,2,2,3,2,3,2,2,3,3,2,NA,NA,NA,NA,NA,NA,NA,NA,NA,NA,2
"487","569",30,"male","Abitur","Beamte/r im Bereich Feuerwehr/Rettungsdienst",4,4,2,4,3,1,2,4,1,2,1,1,2,3,1,NA,NA,NA,NA,NA,NA,NA,NA,NA,NA,2
"489","573",45,"male","Abitur","Angestellte/r, sonstiges",4,4,3,3,4,2,3,3,2,2,2,2,3,2,2,NA,NA,NA,NA,NA,NA,NA,NA,NA,NA,2
"490","584",19,"male","Abitur","StudentIn",4,4,4,3,4,1,1,1,1,1,1,1,3,1,1,NA,NA,NA,NA,NA,NA,NA,NA,NA,NA,2
"491","586",30,"male","Abitur","Angestellte/r Rettungsdienst",2,1,1,1,1,1,2,3,1,1,3,1,3,3,1,NA,NA,NA,NA,NA,NA,NA,NA,NA,NA,2
"492","587",27,"female","Abitur","Angestellte/r Rettungsdienst",3,3,3,2,2,4,4,4,1,2,2,2,4,4,2,NA,NA,NA,NA,NA,NA,NA,NA,NA,NA,2
"493","588",38,"male","Mittlere Reife","Angestellte/r Rettungsdienst",3,4,3,2,1,2,3,2,2,2,2,1,2,3,2,NA,NA,NA,NA,NA,NA,NA,NA,NA,NA,2
"497","599",24,"male","Abitur","Angestellte/r Rettungsdienst",1,3,2,3,4,2,2,2,2,2,2,2,2,2,2,NA,NA,NA,NA,NA,NA,NA,NA,NA,NA,2
"498","603",25,"male","Abitur","Angestellte/r Rettungsdienst",4,4,4,4,4,2,2,2,1,2,2,2,3,3,1,NA,NA,NA,NA,NA,NA,NA,NA,NA,NA,2
"499","606",42,"male","Fachhochschul-/Hochschulabschluss","Angestellte/r, sonstiges",4,5,4,4,5,2,2,2,2,2,2,2,2,2,2,NA,NA,NA,NA,NA,NA,NA,NA,NA,NA,2
"500","614",28,"male","Abgeschlossene Lehre","StudentIn",1,1,1,1,1,1,1,1,1,2,2,1,1,1,1,NA,NA,NA,NA,NA,NA,NA,NA,NA,NA,2
"501","615",35,"female","Abitur","Angestellte/r Rettungsdienst",4,3,3,2,NA,2,2,2,2,2,2,2,3,3,2,NA,NA,NA,NA,NA,NA,NA,NA,NA,NA,2
"502","619",26,"male","Mittlere Reife","In Ausbildung",4,4,4,2,4,2,3,3,3,1,1,2,3,2,1,NA,NA,NA,NA,NA,NA,NA,NA,NA,NA,2
"503","620",34,"male","Fachhochschul-/Hochschulabschluss","Angestellte/r, sonstiges",3,2,3,1,4,2,1,1,3,2,4,1,1,2,1,NA,NA,NA,NA,NA,NA,NA,NA,NA,NA,2
"504","621",27,"male","Abitur","StudentIn",1,0,1,0,1,4,4,4,4,4,4,4,4,4,4,NA,NA,NA,NA,NA,NA,NA,NA,NA,NA,2
"506","624",29,"male","Fachhochschul-/Hochschulabschluss","Angestellte/r Rettungsdienst",4,3,3,2,3,2,2,3,3,2,2,3,3,3,3,NA,NA,NA,NA,NA,NA,NA,NA,NA,NA,2
"507","626",23,"female","Abitur","Angestellte/r Rettungsdienst",4,3,3,3,3,4,4,4,4,4,4,4,4,4,4,NA,NA,NA,NA,NA,NA,NA,NA,NA,NA,2
"509","630",36,"male","Fachhochschul-/Hochschulabschluss","Beamte/r im Bereich Feuerwehr/Rettungsdienst",4,4,4,2,4,1,2,2,3,4,4,4,4,4,2,NA,NA,NA,NA,NA,NA,NA,NA,NA,NA,2
"511","632",53,"male","Fachhochschul-/Hochschulabschluss","Angestellte/r Rettungsdienst",4,4,4,5,4,2,1,1,1,1,1,2,1,3,1,NA,NA,NA,NA,NA,NA,NA,NA,NA,NA,2
"512","634",33,"male","Fachabitur","Beamte/r im Bereich Feuerwehr/Rettungsdienst",3,1,2,2,3,2,2,3,1,1,2,3,2,2,1,NA,NA,NA,NA,NA,NA,NA,NA,NA,NA,2
"513","637",27,"male","Abitur","Beamte/r im Bereich Feuerwehr/Rettungsdienst",4,3,4,3,5,4,1,4,3,2,2,2,3,4,3,NA,NA,NA,NA,NA,NA,NA,NA,NA,NA,2
"514","638",30,"female","Abgeschlossene Lehre","Angestellte/r Rettungsdienst",2,1,2,1,1,3,1,3,2,2,2,2,2,2,2,NA,NA,NA,NA,NA,NA,NA,NA,NA,NA,2
"515","643",24,"female","Abitur","Angestellte/r Rettungsdienst",4,4,2,1,1,3,2,2,2,1,1,2,2,2,1,NA,NA,NA,NA,NA,NA,NA,NA,NA,NA,2
"516","644",60,"male","Fachhochschul-/Hochschulabschluss","Angestellte/r Rettungsdienst",4,4,4,4,3,1,2,1,1,1,1,1,4,1,1,NA,NA,NA,NA,NA,NA,NA,NA,NA,NA,2
"517","647",41,"male","Hauptschulabschluss","Angestellte/r, sonstiges",3,3,2,3,3,1,1,2,2,2,2,2,2,2,2,NA,NA,NA,NA,NA,NA,NA,NA,NA,NA,2
"520","658",23,"male","Abitur","StudentIn",4,4,3,4,3,4,4,4,4,3,2,4,4,4,2,NA,NA,NA,NA,NA,NA,NA,NA,NA,NA,2
"522","666",61,"male","Fachabitur","Angestellte/r Rettungsdienst",4,4,4,5,5,3,2,1,2,2,2,2,4,2,2,NA,NA,NA,NA,NA,NA,NA,NA,NA,NA,2
"523","667",26,"female","Abitur","StudentIn",4,4,3,4,4,1,1,2,2,2,1,1,2,1,1,NA,NA,NA,NA,NA,NA,NA,NA,NA,NA,2
"524","669",28,"female","Abitur","Angestellte/r Rettungsdienst",4,4,3,3,4,3,1,2,4,2,2,2,1,3,3,NA,NA,NA,NA,NA,NA,NA,NA,NA,NA,2
"525","670",28,"female","Fachhochschul-/Hochschulabschluss","StudentIn",3,4,3,1,3,3,2,2,2,2,2,2,2,2,2,NA,NA,NA,NA,NA,NA,NA,NA,NA,NA,2
"527","683",28,"female","Mittlere Reife","Angestellte/r Rettungsdienst",1,1,1,0,1,3,3,3,4,4,3,4,3,3,3,NA,NA,NA,NA,NA,NA,NA,NA,NA,NA,2
"528","685",28,"female","Abitur","Angestellte/r Rettungsdienst",5,4,5,5,5,1,1,1,2,1,1,1,1,1,1,NA,NA,NA,NA,NA,NA,NA,NA,NA,NA,2
"529","695",29,"male","Mittlere Reife","Angestellte/r Rettungsdienst",4,3,4,4,3,1,4,3,1,1,1,1,2,3,3,NA,NA,NA,NA,NA,NA,NA,NA,NA,NA,2
"530","699",24,"female","Abitur","Angestellte/r Rettungsdienst",1,1,2,1,1,2,3,4,4,4,4,4,4,4,4,NA,NA,NA,NA,NA,NA,NA,NA,NA,NA,2
"531","700",29,"male","Abitur","Angestellte/r Rettungsdienst",2,4,1,1,1,4,3,3,4,2,4,3,1,1,3,NA,NA,NA,NA,NA,NA,NA,NA,NA,NA,2
"532","701",46,"female","Abitur","Angestellte/r Rettungsdienst",4,4,3,4,5,1,1,2,4,1,1,1,4,2,1,NA,NA,NA,NA,NA,NA,NA,NA,NA,NA,2
"533","703",24,"male","Abitur","Angestellte/r Rettungsdienst",2,1,2,1,3,2,1,3,2,3,3,3,3,2,2,NA,NA,NA,NA,NA,NA,NA,NA,NA,NA,2
"535","711",23,"male","Abitur","Angestellte/r Rettungsdienst",4,3,4,2,4,1,2,3,2,1,2,1,3,2,1,NA,NA,NA,NA,NA,NA,NA,NA,NA,NA,2
"536","724",25,"female","Abitur","Angestellte/r Rettungsdienst",2,3,3,2,4,2,1,2,2,3,4,2,1,1,1,NA,NA,NA,NA,NA,NA,NA,NA,NA,NA,2
"537","725",26,"female","Fachhochschul-/Hochschulabschluss","StudentIn",3,4,4,2,3,1,2,1,1,1,1,1,1,2,1,NA,NA,NA,NA,NA,NA,NA,NA,NA,NA,2
"538","726",38,"male","Fachhochschul-/Hochschulabschluss","Angestellte/r Rettungsdienst",3,3,2,4,4,3,4,4,4,3,3,3,4,2,3,NA,NA,NA,NA,NA,NA,NA,NA,NA,NA,2
"540","728",28,"female","Abitur","Angestellte/r Rettungsdienst",2,1,2,1,3,2,2,2,3,1,2,2,2,1,2,NA,NA,NA,NA,NA,NA,NA,NA,NA,NA,2
"541","744",33,"male","Fachabitur","Angestellte/r Rettungsdienst",1,1,2,1,4,3,3,4,3,4,4,4,3,1,2,NA,NA,NA,NA,NA,NA,NA,NA,NA,NA,2
"543","754",22,"male","Abitur","Angestellte/r Rettungsdienst",4,4,4,3,4,2,2,2,2,2,3,1,3,4,2,NA,NA,NA,NA,NA,NA,NA,NA,NA,NA,2
"544","755",43,"male","Abitur","Angestellte/r Rettungsdienst",3,3,3,2,2,4,2,4,3,3,2,2,2,2,2,NA,NA,NA,NA,NA,NA,NA,NA,NA,NA,2
"545","759",34,"male","Fachhochschul-/Hochschulabschluss","In Ausbildung",4,3,3,3,4,2,3,4,1,2,2,2,4,4,1,NA,NA,NA,NA,NA,NA,NA,NA,NA,NA,2
"547","767",28,"female","Abitur","Angestellte/r Rettungsdienst",4,3,2,1,2,3,3,3,3,2,2,2,4,2,2,NA,NA,NA,NA,NA,NA,NA,NA,NA,NA,2
"548","774",29,"male","Abitur","In Ausbildung",1,3,1,3,1,2,3,3,4,3,2,3,4,1,2,NA,NA,NA,NA,NA,NA,NA,NA,NA,NA,2
"549","777",32,"male","Abitur","Angestellte/r Rettungsdienst",4,3,4,3,4,2,2,2,2,2,2,1,2,3,1,NA,NA,NA,NA,NA,NA,NA,NA,NA,NA,2
"551","791",47,"male","Mittlere Reife","Angestellte/r Rettungsdienst",2,1,1,1,1,3,2,3,3,3,3,3,2,3,3,NA,NA,NA,NA,NA,NA,NA,NA,NA,NA,2
"553","799",23,"female","Abitur","Angestellte/r Rettungsdienst",4,4,3,2,3,3,2,2,3,3,2,2,2,2,1,NA,NA,NA,NA,NA,NA,NA,NA,NA,NA,2
"554","801",55,"male","Fachhochschul-/Hochschulabschluss","Beamte/r im Bereich Feuerwehr/Rettungsdienst",1,4,0,0,4,2,4,4,2,1,1,1,4,3,1,NA,NA,NA,NA,NA,NA,NA,NA,NA,NA,2
"556","805",23,"male","Abitur","Angestellte/r Rettungsdienst",3,4,3,3,4,2,1,2,2,2,2,2,3,4,3,NA,NA,NA,NA,NA,NA,NA,NA,NA,NA,2
"557","807",22,"female","Abitur","In Ausbildung",4,4,4,1,3,1,4,3,2,1,2,1,3,3,1,NA,NA,NA,NA,NA,NA,NA,NA,NA,NA,2
"558","812",24,"male","Mittlere Reife","Angestellte/r Rettungsdienst",3,2,1,1,2,1,2,2,1,1,1,2,2,2,1,NA,NA,NA,NA,NA,NA,NA,NA,NA,NA,2
"559","813",42,"female","Abgeschlossene Lehre","Angestellte/r Rettungsdienst",4,5,2,1,3,1,1,1,1,1,1,1,3,3,1,NA,NA,NA,NA,NA,NA,NA,NA,NA,NA,2
"563","828",26,"male","Abitur","In Ausbildung",4,4,3,4,3,1,1,3,3,2,1,2,1,3,1,NA,NA,NA,NA,NA,NA,NA,NA,NA,NA,2
"565","837",33,"male","Fachabitur","Angestellte/r Rettungsdienst",4,2,3,2,4,2,3,3,1,1,1,1,3,4,2,NA,NA,NA,NA,NA,NA,NA,NA,NA,NA,2
"567","842",41,"female","Fachabitur","Angestellte/r Rettungsdienst",2,2,2,1,1,2,3,2,2,2,2,2,3,2,1,NA,NA,NA,NA,NA,NA,NA,NA,NA,NA,2
"568","844",22,"male","Mittlere Reife","Angestellte/r Rettungsdienst",4,5,3,4,5,2,2,2,2,1,1,1,2,2,2,NA,NA,NA,NA,NA,NA,NA,NA,NA,NA,2
"569","845",31,"female","Abgeschlossene Lehre","Angestellte/r Rettungsdienst",2,2,2,1,1,2,3,2,1,3,3,1,1,3,1,NA,NA,NA,NA,NA,NA,NA,NA,NA,NA,2
"570","846",44,"female","Abitur","Selbstständig",4,4,3,2,4,1,2,1,1,1,1,1,1,1,1,NA,NA,NA,NA,NA,NA,NA,NA,NA,NA,2
"571","847",23,"female",NA,NA,NA,NA,NA,NA,NA,2,2,2,2,2,2,2,1,1,1,NA,NA,NA,NA,NA,NA,NA,NA,NA,NA,2
"572","864",21,"female","Abitur","In Ausbildung",2,2,1,0,3,3,2,3,3,3,3,4,3,1,3,NA,NA,NA,NA,NA,NA,NA,NA,NA,NA,2
"573","865",29,"male","Abitur","Angestellte/r Rettungsdienst",4,3,4,1,4,2,3,4,4,2,2,2,3,3,2,NA,NA,NA,NA,NA,NA,NA,NA,NA,NA,2
"575","868",28,"male","Abitur","Angestellte/r Rettungsdienst",4,2,4,1,1,2,2,2,2,2,2,2,2,2,2,NA,NA,NA,NA,NA,NA,NA,NA,NA,NA,2
"576","870",31,"female","Fachhochschul-/Hochschulabschluss","Angestellte/r Rettungsdienst",3,4,3,2,1,2,1,2,3,2,2,2,1,2,1,NA,NA,NA,NA,NA,NA,NA,NA,NA,NA,2
"577","875",24,"male","Abgeschlossene Lehre","Beamte/r im Bereich Feuerwehr/Rettungsdienst",4,4,3,3,4,3,2,3,4,3,3,4,4,4,3,NA,NA,NA,NA,NA,NA,NA,NA,NA,NA,2
"578","879",22,"female","Abitur","In Ausbildung",4,2,4,2,4,2,1,2,1,2,2,2,1,3,2,NA,NA,NA,NA,NA,NA,NA,NA,NA,NA,2
"579","880",38,"female","Abgeschlossene Lehre","Angestellte/r, sonstiges",4,3,2,2,1,4,2,2,4,3,3,3,3,2,3,NA,NA,NA,NA,NA,NA,NA,NA,NA,NA,2
"580","882",47,"male","Mittlere Reife","Angestellte/r Rettungsdienst",3,2,1,1,1,2,1,1,1,2,2,2,2,2,1,NA,NA,NA,NA,NA,NA,NA,NA,NA,NA,2
"581","884",29,"male","Mittlere Reife","Angestellte/r Rettungsdienst",3,2,2,1,1,3,2,3,2,2,2,2,2,2,2,NA,NA,NA,NA,NA,NA,NA,NA,NA,NA,2
"582","897",31,"male","Fachhochschul-/Hochschulabschluss","Angestellte/r Rettungsdienst",4,1,2,0,3,2,2,3,2,1,1,2,4,3,1,NA,NA,NA,NA,NA,NA,NA,NA,NA,NA,2
"584","906",34,"female","Mittlere Reife","Angestellte/r Rettungsdienst",4,3,3,4,3,1,1,1,1,1,1,2,4,4,4,NA,NA,NA,NA,NA,NA,NA,NA,NA,NA,2
"587","917",29,"female","Abgeschlossene Lehre","Angestellte/r, sonstiges",4,4,2,2,3,4,4,4,4,3,2,3,4,4,3,NA,NA,NA,NA,NA,NA,NA,NA,NA,NA,2
"588","918",26,"male","Abitur","Angestellte/r Rettungsdienst",3,2,3,4,3,2,4,4,2,3,2,2,4,3,2,NA,NA,NA,NA,NA,NA,NA,NA,NA,NA,2
"589","921",32,"male","Abgeschlossene Lehre","Beamte/r im Bereich Feuerwehr/Rettungsdienst",4,4,4,4,4,2,3,3,2,2,1,2,4,4,3,NA,NA,NA,NA,NA,NA,NA,NA,NA,NA,2
"590","922",37,"male","Fachhochschul-/Hochschulabschluss","In Ausbildung",3,1,1,4,4,2,3,3,4,2,3,1,1,1,2,NA,NA,NA,NA,NA,NA,NA,NA,NA,NA,2
"591","927",29,"male","Hauptschulabschluss","In Ausbildung",4,4,3,2,4,4,3,4,4,3,3,4,4,4,4,NA,NA,NA,NA,NA,NA,NA,NA,NA,NA,2
"592","928",54,"male","Fachhochschul-/Hochschulabschluss","Angestellte/r Rettungsdienst",3,5,2,2,2,1,3,2,2,2,2,2,3,4,3,NA,NA,NA,NA,NA,NA,NA,NA,NA,NA,2
"594","936",27,"female","Mittlere Reife","Angestellte/r Rettungsdienst",4,1,2,1,1,1,1,2,1,3,3,2,1,1,2,NA,NA,NA,NA,NA,NA,NA,NA,NA,NA,2
"595","943",32,"male","Fachhochschul-/Hochschulabschluss","Angestellte/r, sonstiges",1,3,2,2,4,1,3,3,2,1,2,2,3,2,2,NA,NA,NA,NA,NA,NA,NA,NA,NA,NA,2
"597","947",39,"male","Abgeschlossene Lehre","Angestellte/r Rettungsdienst",4,4,4,4,4,1,4,3,2,3,3,3,3,3,3,NA,NA,NA,NA,NA,NA,NA,NA,NA,NA,2
"598","954",29,"female","Abitur","In Ausbildung",5,4,4,1,4,2,1,2,2,2,1,2,1,1,1,NA,NA,NA,NA,NA,NA,NA,NA,NA,NA,2
"599","955",40,"female","Mittlere Reife","Angestellte/r Rettungsdienst",4,3,1,5,2,2,2,3,1,2,2,1,3,2,1,NA,NA,NA,NA,NA,NA,NA,NA,NA,NA,2
"601","958",54,"female","Abgeschlossene Lehre","Angestellte/r, sonstiges",3,2,4,0,4,2,1,2,1,4,4,4,4,4,1,NA,NA,NA,NA,NA,NA,NA,NA,NA,NA,2
"602","959",28,"female","Fachhochschul-/Hochschulabschluss","Angestellte/r Rettungsdienst",4,1,2,1,2,2,2,3,2,2,2,2,4,3,1,NA,NA,NA,NA,NA,NA,NA,NA,NA,NA,2
"603","961",36,"male","Abitur","StudentIn",4,4,3,NA,5,1,2,3,2,2,1,1,4,1,1,NA,NA,NA,NA,NA,NA,NA,NA,NA,NA,2
"604","963",24,"female","Abitur","In Ausbildung",4,3,3,1,2,2,2,2,1,2,2,3,3,3,2,NA,NA,NA,NA,NA,NA,NA,NA,NA,NA,2
"605","966",25,"female","Abitur","Angestellte/r Rettungsdienst",4,4,3,1,1,1,1,1,1,1,2,2,2,1,2,NA,NA,NA,NA,NA,NA,NA,NA,NA,NA,2
"607","969",23,NA,"Fachabitur","In Ausbildung",4,3,3,4,3,3,2,3,4,2,2,4,3,3,2,NA,NA,NA,NA,NA,NA,NA,NA,NA,NA,2
"608","976",41,"female","Abgeschlossene Lehre","Angestellte/r, sonstiges",4,3,4,4,4,1,1,2,2,1,1,1,2,3,1,NA,NA,NA,NA,NA,NA,NA,NA,NA,NA,2
"609","978",22,"female","Hauptschulabschluss","Angestellte/r Rettungsdienst",4,4,4,3,4,2,3,3,2,2,2,2,3,3,2,NA,NA,NA,NA,NA,NA,NA,NA,NA,NA,2
"610","983",29,"male","Abgeschlossene Lehre","Beamte/r im Bereich Feuerwehr/Rettungsdienst",2,1,1,1,1,3,2,3,3,2,2,2,4,4,2,NA,NA,NA,NA,NA,NA,NA,NA,NA,NA,2
"611","985",25,"female","Abitur","In Ausbildung",3,3,3,2,1,2,2,1,2,3,2,1,3,2,1,NA,NA,NA,NA,NA,NA,NA,NA,NA,NA,2
"612","987",42,"female","Fachabitur","Angestellte/r Rettungsdienst",4,4,4,2,3,2,2,2,2,2,2,1,4,4,3,NA,NA,NA,NA,NA,NA,NA,NA,NA,NA,2
"614","992",23,"female","Abitur","In Ausbildung",4,3,1,3,4,1,1,1,4,4,4,4,4,4,3,NA,NA,NA,NA,NA,NA,NA,NA,NA,NA,2
"615","1004",35,"female","Abitur","Angestellte/r Rettungsdienst",4,4,4,4,3,1,4,4,2,2,1,2,4,3,1,NA,NA,NA,NA,NA,NA,NA,NA,NA,NA,2
"616","1005",22,"male","Mittlere Reife","Angestellte/r, sonstiges",5,5,5,4,4,2,4,3,2,2,3,3,2,3,1,NA,NA,NA,NA,NA,NA,NA,NA,NA,NA,2
"617","1011",36,"female","Abgeschlossene Lehre","Angestellte/r Rettungsdienst",4,3,3,2,5,2,1,2,1,1,2,2,3,4,3,NA,NA,NA,NA,NA,NA,NA,NA,NA,NA,2
"618","1012",43,"male","Fachabitur","Angestellte/r Rettungsdienst",4,4,4,NA,5,1,1,1,1,1,1,1,1,1,1,NA,NA,NA,NA,NA,NA,NA,NA,NA,NA,2
"619","1015",31,"male","Abgeschlossene Lehre","Angestellte/r Rettungsdienst",4,3,3,3,3,2,2,2,2,2,2,2,3,2,2,NA,NA,NA,NA,NA,NA,NA,NA,NA,NA,2
"620","1016",24,"female","Fachabitur","StudentIn",4,3,4,3,2,1,3,2,1,3,2,3,4,2,1,NA,NA,NA,NA,NA,NA,NA,NA,NA,NA,2
"621","1021",51,"male","Abgeschlossene Lehre","Angestellte/r Rettungsdienst",4,2,2,1,2,3,1,2,2,2,2,2,2,2,1,NA,NA,NA,NA,NA,NA,NA,NA,NA,NA,2
"623","1025",27,"female","Abitur","Angestellte/r Rettungsdienst",1,0,0,0,1,3,1,3,3,3,3,2,2,2,2,NA,NA,NA,NA,NA,NA,NA,NA,NA,NA,2
"624","1028",37,"female","Fachabitur","Angestellte/r Rettungsdienst",4,4,3,2,3,1,1,1,1,1,1,1,3,2,2,NA,NA,NA,NA,NA,NA,NA,NA,NA,NA,2
"625","1042",53,"female","Mittlere Reife",NA,3,3,2,1,5,2,2,2,4,3,3,3,4,4,3,NA,NA,NA,NA,NA,NA,NA,NA,NA,NA,2
"626","1050",27,"female","Fachabitur","Angestellte/r Rettungsdienst",4,4,4,2,4,2,2,3,2,3,2,2,2,3,2,NA,NA,NA,NA,NA,NA,NA,NA,NA,NA,2
"627","1053",32,"male","Abitur","In Ausbildung",3,1,2,1,2,3,2,2,1,3,3,3,1,1,1,NA,NA,NA,NA,NA,NA,NA,NA,NA,NA,2
"628","1057",45,"female","Fachabitur","Angestellte/r Rettungsdienst",4,4,3,1,1,3,4,4,3,2,3,3,4,4,2,NA,NA,NA,NA,NA,NA,NA,NA,NA,NA,2
"629","1060",25,"male","Abgeschlossene Lehre","Angestellte/r Rettungsdienst",4,4,4,4,4,2,3,2,2,3,2,2,2,2,2,NA,NA,NA,NA,NA,NA,NA,NA,NA,NA,2
"630","1061",29,"male","Abgeschlossene Lehre","Angestellte/r Rettungsdienst",2,4,1,4,2,1,2,1,2,1,1,1,2,2,1,NA,NA,NA,NA,NA,NA,NA,NA,NA,NA,2
"631","1063",31,"female","Fachabitur","Angestellte/r Rettungsdienst",1,1,1,0,1,2,2,2,2,3,3,3,1,1,2,NA,NA,NA,NA,NA,NA,NA,NA,NA,NA,2
"632","1064",30,"male","Abitur","Angestellte/r Rettungsdienst",3,3,2,1,1,1,1,1,1,1,1,1,1,1,1,NA,NA,NA,NA,NA,NA,NA,NA,NA,NA,2
"633","1072",47,"male","Fachhochschul-/Hochschulabschluss","Angestellte/r Rettungsdienst",4,3,3,1,4,3,3,4,4,4,4,4,4,3,3,NA,NA,NA,NA,NA,NA,NA,NA,NA,NA,2
"634","1075",32,"male","Abgeschlossene Lehre","Angestellte/r Rettungsdienst",1,2,1,1,3,1,1,1,1,1,1,1,1,1,1,NA,NA,NA,NA,NA,NA,NA,NA,NA,NA,2
"635","1093",34,"male","Mittlere Reife","Angestellte/r Rettungsdienst",4,5,5,5,5,3,2,2,3,3,3,3,2,2,3,NA,NA,NA,NA,NA,NA,NA,NA,NA,NA,2
"636","1096",39,"female","Abitur","Angestellte/r Rettungsdienst",4,4,4,4,4,2,2,3,2,2,2,2,4,4,2,NA,NA,NA,NA,NA,NA,NA,NA,NA,NA,2
"637","1097",32,"female","Abgeschlossene Lehre","Angestellte/r Rettungsdienst",4,2,3,3,3,1,3,2,1,1,2,1,2,2,2,NA,NA,NA,NA,NA,NA,NA,NA,NA,NA,2
"638","1099",27,"female","Fachabitur","Angestellte/r Rettungsdienst",4,3,4,2,5,1,1,1,1,1,1,2,1,3,1,NA,NA,NA,NA,NA,NA,NA,NA,NA,NA,2
"639","1102",32,"female","Fachabitur","Angestellte/r Rettungsdienst",4,4,3,2,1,2,3,4,4,2,2,1,4,4,1,NA,NA,NA,NA,NA,NA,NA,NA,NA,NA,2
"640","1111",30,"male","Abitur","Angestellte/r Rettungsdienst",4,3,2,0,3,2,2,2,2,3,1,1,2,1,1,NA,NA,NA,NA,NA,NA,NA,NA,NA,NA,2
"641","1112",23,"female","Abitur","In Ausbildung",2,1,1,0,4,3,3,2,1,1,1,1,3,4,3,NA,NA,NA,NA,NA,NA,NA,NA,NA,NA,2
"642","1116",37,"male","Abgeschlossene Lehre","Angestellte/r Rettungsdienst",4,4,4,4,3,1,1,1,1,4,1,2,2,2,1,NA,NA,NA,NA,NA,NA,NA,NA,NA,NA,2
"643","1120",52,"male","Mittlere Reife","Angestellte/r, sonstiges",3,3,3,2,5,1,2,1,3,2,2,2,3,3,1,NA,NA,NA,NA,NA,NA,NA,NA,NA,NA,2
"644","1121",40,"male","Abitur","Angestellte/r Rettungsdienst",4,4,3,3,4,1,3,2,2,2,2,1,3,3,1,NA,NA,NA,NA,NA,NA,NA,NA,NA,NA,2
"645","1122",45,"male","Fachhochschul-/Hochschulabschluss","Angestellte/r Rettungsdienst",3,3,3,2,1,2,2,2,2,2,2,2,2,2,1,NA,NA,NA,NA,NA,NA,NA,NA,NA,NA,2
"647","1125",34,"male","Fachabitur","Angestellte/r Rettungsdienst",3,1,1,0,1,1,1,1,1,1,1,1,1,1,1,NA,NA,NA,NA,NA,NA,NA,NA,NA,NA,2
"648","1130",20,"female","Fachabitur","In Ausbildung",3,3,1,0,2,3,2,2,2,3,2,2,2,2,3,NA,NA,NA,NA,NA,NA,NA,NA,NA,NA,2
"649","1131",20,"female","Abitur","Angestellte/r Rettungsdienst",4,4,3,3,3,4,4,4,4,4,3,4,4,4,4,NA,NA,NA,NA,NA,NA,NA,NA,NA,NA,2
"650","1137",32,"female","Mittlere Reife","Angestellte/r Rettungsdienst",2,1,2,1,3,2,2,2,3,1,1,2,2,2,2,NA,NA,NA,NA,NA,NA,NA,NA,NA,NA,2
"651","1139",25,"female","Abitur","Angestellte/r Rettungsdienst",1,1,0,3,1,2,4,4,4,3,3,3,4,4,3,NA,NA,NA,NA,NA,NA,NA,NA,NA,NA,2
"652","1140",31,"male","Fachabitur","Angestellte/r Rettungsdienst",4,4,3,1,4,4,2,2,1,2,4,3,4,4,2,NA,NA,NA,NA,NA,NA,NA,NA,NA,NA,2
"653","1141",21,"male","Abitur","Angestellte/r Rettungsdienst",4,4,3,3,2,1,2,2,3,1,2,1,4,2,1,NA,NA,NA,NA,NA,NA,NA,NA,NA,NA,2
"657","1156",50,"male","Mittlere Reife","Angestellte/r, sonstiges",3,1,2,1,3,3,3,3,3,3,2,2,3,4,2,NA,NA,NA,NA,NA,NA,NA,NA,NA,NA,2
"660","1164",52,"male","Mittlere Reife","Angestellte/r Rettungsdienst",4,4,3,3,4,1,2,2,3,2,1,2,3,3,2,NA,NA,NA,NA,NA,NA,NA,NA,NA,NA,2
"661","1165",34,"female","Hauptschulabschluss","Angestellte/r, sonstiges",4,5,5,4,5,1,1,1,1,1,1,1,2,1,1,NA,NA,NA,NA,NA,NA,NA,NA,NA,NA,2
"662","1169",18,"female","Fachhochschul-/Hochschulabschluss","StudentIn",4,3,4,3,4,1,3,2,2,2,2,2,3,3,2,NA,NA,NA,NA,NA,NA,NA,NA,NA,NA,2
"663","1172",42,"male","Abitur","Angestellte/r Rettungsdienst",1,1,0,1,1,4,3,3,3,4,4,4,4,4,4,NA,NA,NA,NA,NA,NA,NA,NA,NA,NA,2
"664","1173",30,"female","Abgeschlossene Lehre","Angestellte/r Rettungsdienst",4,3,3,4,4,1,2,1,1,1,1,2,3,3,1,NA,NA,NA,NA,NA,NA,NA,NA,NA,NA,2
"665","1177",26,"female","Abitur","StudentIn",2,2,2,2,2,3,2,4,3,3,2,2,4,1,2,NA,NA,NA,NA,NA,NA,NA,NA,NA,NA,2
"667","1187",35,"male","Abitur","Angestellte/r Rettungsdienst",1,1,0,0,2,2,3,3,2,2,2,2,4,3,2,NA,NA,NA,NA,NA,NA,NA,NA,NA,NA,2
"668","1190",24,"male","Abitur","Angestellte/r Rettungsdienst",4,3,3,4,4,3,1,1,2,2,1,2,2,2,2,NA,NA,NA,NA,NA,NA,NA,NA,NA,NA,2
"669","1194",45,"female","Abgeschlossene Lehre","Angestellte/r, sonstiges",2,2,3,2,4,1,3,3,1,1,1,1,3,3,1,NA,NA,NA,NA,NA,NA,NA,NA,NA,NA,2
"670","1202",25,"female","Fachabitur","Angestellte/r Rettungsdienst",4,3,4,2,4,3,1,1,1,1,1,1,1,1,1,NA,NA,NA,NA,NA,NA,NA,NA,NA,NA,2
"672","1205",22,"female","Abitur","In Ausbildung",3,2,4,4,3,1,1,3,1,1,1,1,2,2,1,NA,NA,NA,NA,NA,NA,NA,NA,NA,NA,2
"674","1208",32,"male","Abitur","Angestellte/r Rettungsdienst",3,2,2,1,2,3,2,2,3,3,3,2,3,1,2,NA,NA,NA,NA,NA,NA,NA,NA,NA,NA,2
"675","1214",53,"female","Abgeschlossene Lehre","Angestellte/r Rettungsdienst",2,2,2,1,1,3,3,4,2,2,2,2,2,3,3,NA,NA,NA,NA,NA,NA,NA,NA,NA,NA,2
"676","1219",28,"female","Abitur","Angestellte/r Rettungsdienst",0,0,1,2,3,1,1,1,1,1,1,1,1,1,1,NA,NA,NA,NA,NA,NA,NA,NA,NA,NA,2
"677","1221",36,"female","Mittlere Reife","Angestellte/r Rettungsdienst",2,1,1,1,4,3,2,2,2,2,2,3,3,3,2,NA,NA,NA,NA,NA,NA,NA,NA,NA,NA,2
"679","1231",23,"female","Abitur","StudentIn",3,3,2,2,1,2,2,2,2,2,2,2,2,2,2,NA,NA,NA,NA,NA,NA,NA,NA,NA,NA,2
"680","1235",20,NA,"Abitur","In Ausbildung",4,4,5,3,3,2,1,3,1,4,1,1,1,1,1,NA,NA,NA,NA,NA,NA,NA,NA,NA,NA,2
"681","1239",27,"male","Mittlere Reife","Angestellte/r Rettungsdienst",4,3,3,2,3,2,3,2,2,2,2,2,4,2,2,NA,NA,NA,NA,NA,NA,NA,NA,NA,NA,2
"682","1240",42,"male","Mittlere Reife","In Ausbildung",5,4,5,3,4,2,2,1,1,1,1,1,1,1,1,NA,NA,NA,NA,NA,NA,NA,NA,NA,NA,2
"683","1243",32,"female","Abitur","Angestellte/r Rettungsdienst",2,3,1,3,1,3,3,3,3,3,2,3,3,3,2,NA,NA,NA,NA,NA,NA,NA,NA,NA,NA,2
"685","1245",26,"female","Abitur","Angestellte/r Rettungsdienst",4,3,2,2,5,1,1,2,2,1,1,1,2,2,1,NA,NA,NA,NA,NA,NA,NA,NA,NA,NA,2
"686","1246",24,"male","Abitur","Angestellte/r Rettungsdienst",3,1,2,1,2,2,1,2,1,1,2,1,1,3,1,NA,NA,NA,NA,NA,NA,NA,NA,NA,NA,2
"687","1248",34,"male","Mittlere Reife","Angestellte/r Rettungsdienst",3,1,1,0,3,2,1,3,2,2,1,1,4,2,1,NA,NA,NA,NA,NA,NA,NA,NA,NA,NA,2
"688","1253",25,"female","Fachabitur","Angestellte/r Rettungsdienst",4,3,3,1,3,3,2,4,4,4,4,4,4,4,4,NA,NA,NA,NA,NA,NA,NA,NA,NA,NA,2
"690","1262",34,"female","Mittlere Reife","Angestellte/r Rettungsdienst",3,2,NA,NA,NA,4,4,4,2,2,2,3,4,4,2,NA,NA,NA,NA,NA,NA,NA,NA,NA,NA,2
"691","1263",52,"male","Fachhochschul-/Hochschulabschluss","Angestellte/r Rettungsdienst",1,1,1,0,2,2,2,2,2,2,2,2,2,2,2,NA,NA,NA,NA,NA,NA,NA,NA,NA,NA,2
"692","1267",26,"female","Abitur","StudentIn",3,4,2,1,3,2,3,2,2,1,1,1,2,2,1,NA,NA,NA,NA,NA,NA,NA,NA,NA,NA,2
"693","1270",38,"female","Abgeschlossene Lehre","Angestellte/r Rettungsdienst",1,1,1,0,2,2,3,4,2,2,2,1,3,3,1,NA,NA,NA,NA,NA,NA,NA,NA,NA,NA,2
"694","1286",39,"female","Abgeschlossene Lehre","StudentIn",0,0,0,0,0,2,2,4,1,2,2,2,3,2,3,NA,NA,NA,NA,NA,NA,NA,NA,NA,NA,2
"696","1293",23,"female","Mittlere Reife","In Ausbildung",4,4,3,2,3,3,2,2,3,3,3,3,2,2,2,NA,NA,NA,NA,NA,NA,NA,NA,NA,NA,2
"697","1295",NA,"female","Mittlere Reife","Angestellte/r Rettungsdienst",4,4,4,4,3,1,4,4,1,1,1,1,4,4,1,NA,NA,NA,NA,NA,NA,NA,NA,NA,NA,2
"698","1296",34,"female","Abitur","Angestellte/r Rettungsdienst",4,3,2,2,1,2,1,2,2,2,2,1,3,2,1,NA,NA,NA,NA,NA,NA,NA,NA,NA,NA,2
"699","1298",26,"female","Abitur","Angestellte/r Rettungsdienst",3,0,1,0,4,1,1,4,2,1,1,1,2,1,1,NA,NA,NA,NA,NA,NA,NA,NA,NA,NA,2
"700","1303",44,"female","Fachabitur","Angestellte/r Rettungsdienst",3,2,2,1,1,1,1,2,2,3,3,3,2,2,2,NA,NA,NA,NA,NA,NA,NA,NA,NA,NA,2
"701","1304",40,"male","Fachhochschul-/Hochschulabschluss","Sonstiges",1,0,4,1,5,2,3,3,4,4,3,3,4,2,2,NA,NA,NA,NA,NA,NA,NA,NA,NA,NA,2
"702","1306",23,"female","Fachabitur","Angestellte/r Rettungsdienst",1,1,0,0,1,2,1,3,2,2,4,1,1,1,2,NA,NA,NA,NA,NA,NA,NA,NA,NA,NA,2
"703","1309",44,"male","Fachabitur","Angestellte/r Rettungsdienst",2,1,0,0,2,3,2,2,3,3,3,2,2,4,2,NA,NA,NA,NA,NA,NA,NA,NA,NA,NA,2
"705","1320",27,"male","Abitur","Angestellte/r Rettungsdienst",4,4,3,4,4,1,2,2,1,1,2,2,3,2,1,NA,NA,NA,NA,NA,NA,NA,NA,NA,NA,2
"706","1321",30,"male","Abgeschlossene Lehre","Angestellte/r Rettungsdienst",4,4,4,2,2,2,2,2,1,2,2,2,2,2,1,NA,NA,NA,NA,NA,NA,NA,NA,NA,NA,2
"707","1322",60,"male","Mittlere Reife","Angestellte/r Rettungsdienst",3,5,3,2,4,1,2,3,1,1,1,1,4,4,1,NA,NA,NA,NA,NA,NA,NA,NA,NA,NA,2
"709","1327",32,"male","Mittlere Reife","Angestellte/r Rettungsdienst",1,4,0,1,1,4,4,4,4,4,4,4,4,2,4,NA,NA,NA,NA,NA,NA,NA,NA,NA,NA,2
"712","1332",27,"female","Abitur","StudentIn",4,3,3,3,4,2,3,3,2,2,2,2,3,2,2,NA,NA,NA,NA,NA,NA,NA,NA,NA,NA,2
"714","1341",43,"female","Mittlere Reife","Angestellte/r, sonstiges",4,3,2,2,4,2,3,3,2,2,1,2,2,2,2,NA,NA,NA,NA,NA,NA,NA,NA,NA,NA,2
"717","1351",23,"male","Fachabitur","Angestellte/r Rettungsdienst",4,5,5,4,4,1,1,2,1,1,1,1,3,3,2,NA,NA,NA,NA,NA,NA,NA,NA,NA,NA,2
"718","1353",27,"male","Abgeschlossene Lehre","In Ausbildung",3,1,3,1,3,2,2,3,2,2,2,3,4,3,3,NA,NA,NA,NA,NA,NA,NA,NA,NA,NA,2
"719","1354",56,"male",NA,"Beamte/r im Bereich Feuerwehr/Rettungsdienst",4,NA,1,1,4,1,1,1,1,4,3,1,1,4,3,NA,NA,NA,NA,NA,NA,NA,NA,NA,NA,2
"720","1355",37,"male","Abitur","Angestellte/r Rettungsdienst",4,3,3,2,4,1,3,3,3,2,2,2,4,2,2,NA,NA,NA,NA,NA,NA,NA,NA,NA,NA,2
"722","1357",45,"male","Abitur","Angestellte/r Rettungsdienst",4,4,3,4,4,3,2,3,2,3,2,2,2,3,2,NA,NA,NA,NA,NA,NA,NA,NA,NA,NA,2
"723","1358",48,"male","Abgeschlossene Lehre","Angestellte/r Rettungsdienst",1,0,2,1,2,4,4,3,2,2,2,2,2,2,3,NA,NA,NA,NA,NA,NA,NA,NA,NA,NA,2
"724","1360",30,"male","Fachhochschul-/Hochschulabschluss","Angestellte/r, sonstiges",3,2,1,1,4,1,2,1,1,2,1,1,1,1,1,NA,NA,NA,NA,NA,NA,NA,NA,NA,NA,2
"725","1361",28,"female","Abitur","In Ausbildung",2,2,2,1,5,3,3,3,1,2,2,3,3,2,1,NA,NA,NA,NA,NA,NA,NA,NA,NA,NA,2
"726","1365",21,"male","Abgeschlossene Lehre","Angestellte/r Rettungsdienst",4,3,2,1,4,3,1,2,3,2,2,2,2,4,2,NA,NA,NA,NA,NA,NA,NA,NA,NA,NA,2
"727","1370",34,"male","Mittlere Reife","Beamte/r im Bereich Feuerwehr/Rettungsdienst",3,1,2,0,2,3,2,2,2,3,3,2,3,2,2,NA,NA,NA,NA,NA,NA,NA,NA,NA,NA,2
"728","1373",34,"male","Fachhochschul-/Hochschulabschluss","Angestellte/r Rettungsdienst",4,4,3,3,3,2,2,2,2,2,2,2,1,1,2,NA,NA,NA,NA,NA,NA,NA,NA,NA,NA,2
"729","1382",35,"male","Mittlere Reife","Angestellte/r Rettungsdienst",1,1,4,1,1,1,1,1,1,2,2,2,1,2,1,NA,NA,NA,NA,NA,NA,NA,NA,NA,NA,2
"730","1392",27,"female","Mittlere Reife","Angestellte/r Rettungsdienst",4,4,4,3,3,1,2,2,2,1,1,1,2,3,1,NA,NA,NA,NA,NA,NA,NA,NA,NA,NA,2
"731","1403",33,"female","Fachhochschul-/Hochschulabschluss","StudentIn",2,2,2,1,3,1,1,2,2,2,2,1,2,2,1,NA,NA,NA,NA,NA,NA,NA,NA,NA,NA,2
"732","100_final",19,"female","Abitur",NA,3,3,4,4,4,2,2,3,2,2,2,3,3,2,2,5,4,5,2,4,4,5,3,4,5,3
"733","104_final",19,"female","Abitur",NA,2,2,1,1,2,2,3,3,2,2,2,2,2,2,1,6,5,4,1,2,4,3,4,7,4,3
"734","105_final",20,"male","Abitur",NA,4,5,1,2,1,1,2,4,3,2,1,3,3,4,3,6,7,6,5,3,5,6,5,7,6,3
"735","106_final",25,"female","Abitur",NA,1,2,3,4,1,2,2,3,2,3,2,3,3,3,1,5,5,3,3,2,2,5,4,3,4,3
"736","108_final",23,"female","Abitur",NA,4,4,4,4,4,1,3,2,1,2,2,1,3,1,1,7,2,6,1,5,2,6,5,5,6,3
"737","10_final",20,"female","Abitur",NA,4,2,4,2,5,2,4,3,2,2,2,2,2,2,2,6,5,5,3,5,5,5,6,6,5,3
"738","110_final",21,"female","Abitur",NA,3,2,4,4,5,3,3,2,1,1,1,1,3,1,1,6,1,6,1,3,1,6,3,2,4,3
"739","111_final",20,"female","Abitur",NA,1,4,4,3,4,2,3,3,3,2,2,2,2,2,1,6,5,3,2,6,4,6,5,5,3,3
"740","113_final",24,"female","Abitur",NA,2,2,3,4,1,3,2,2,2,2,2,2,2,2,2,2,2,2,1,6,2,6,5,1,6,3
"741","115_final",23,"female","Abitur",NA,4,4,4,4,5,1,1,2,2,2,1,2,1,1,2,7,3,7,2,3,1,5,6,5,5,3
"742","117_final",21,"female","Abitur",NA,4,4,3,3,1,3,3,4,3,2,2,2,4,3,1,7,5,7,1,6,5,7,7,5,7,3
"743","118_final",27,"female","Abitur",NA,2,3,2,2,2,2,2,3,1,2,2,3,3,2,1,6,7,5,2,4,7,6,5,5,4,3
"744","119_final",19,"female","Abitur",NA,3,3,4,4,3,2,3,3,4,1,2,3,3,2,2,5,3,5,2,3,2,6,5,5,5,3
"745","11_final",20,"female","Abitur",NA,2,2,2,2,1,3,3,3,3,3,3,3,4,3,2,5,6,5,2,5,6,4,4,6,4,3
"746","120_final",22,"female","Abitur",NA,3,3,2,1,2,2,2,3,3,2,2,2,2,2,2,5,5,4,1,6,1,5,6,5,6,3
"747","121_final",24,"male","Abitur",NA,3,3,4,4,4,1,2,2,2,1,2,2,2,2,2,5,2,5,2,6,3,6,3,5,7,3
"748","122_final",18,"female","Abitur",NA,4,3,4,3,4,2,2,1,1,1,1,2,2,2,1,5,6,5,3,6,6,6,5,6,6,3
"749","123_final",27,"male","Abitur",NA,3,2,1,2,4,2,3,2,1,1,1,1,3,2,1,5,7,5,4,5,6,6,3,7,6,3
"750","124_final",19,"female","Abitur",NA,2,2,2,1,3,4,2,2,2,3,3,4,2,3,3,5,5,6,2,5,3,5,6,4,6,3
"751","127_final",30,"female","Abitur",NA,1,3,1,1,1,4,4,4,4,4,4,4,4,3,4,1,5,1,3,1,3,1,1,5,1,3
"752","128_final",29,"male","Abitur",NA,4,4,4,1,4,3,4,4,3,3,4,3,2,3,2,2,6,2,3,3,4,3,5,5,5,3
"753","129_final",20,"female","Abitur",NA,4,2,4,1,4,2,3,4,3,4,4,4,1,1,3,2,1,2,1,1,1,4,2,1,3,3
"754","12_final",26,"female","Abitur",NA,4,4,4,4,4,1,2,2,1,1,1,2,3,1,1,5,1,7,1,6,2,7,5,2,4,3
"755","130_final",25,"male","Abitur",NA,3,4,3,3,5,1,1,1,1,1,1,2,1,1,1,6,7,7,5,6,7,7,7,5,7,3
"756","131_final",20,"female","Abitur",NA,4,3,4,2,4,3,4,4,4,3,4,4,3,3,4,2,3,2,1,5,2,2,2,5,2,3
"757","132_final",18,"female","Abitur",NA,4,3,3,2,3,2,3,2,3,3,2,3,2,2,2,6,6,5,2,4,5,4,2,4,3,3
"758","138_final",20,"female","Abitur",NA,4,3,4,3,4,2,2,3,3,2,2,2,2,2,2,4,4,5,2,5,3,5,5,3,5,3
"759","140_final",21,"female","Abitur",NA,3,4,2,3,5,2,2,3,3,2,2,2,3,1,2,5,2,5,1,5,2,6,5,2,5,3
"760","141_final",22,"female","Abitur",NA,3,2,3,1,3,3,4,4,3,3,3,2,4,2,3,1,2,1,2,1,2,5,4,2,5,3
"761","142_final",28,"male","Abitur",NA,2,3,1,1,2,2,1,2,3,3,3,3,2,2,2,5,6,5,3,5,4,5,5,6,6,3
"762","143_final",20,"female","Abitur",NA,4,3,5,4,5,3,2,2,4,3,2,4,1,1,2,4,2,7,1,2,2,5,4,6,7,3
"763","144_final",20,"female","Abitur",NA,3,3,1,2,4,2,2,2,2,3,2,2,4,2,2,7,6,7,2,7,7,7,7,6,6,3
"764","147_final",26,"male","Abitur",NA,4,4,4,4,4,2,2,2,2,2,2,2,3,4,2,2,6,5,2,5,5,6,4,5,5,3
"765","148_final",21,"female","Mittlere Reife",NA,4,4,4,3,5,2,3,2,2,2,2,3,2,2,2,5,2,4,5,6,2,6,6,6,5,3
"766","149_final",26,"female","Abitur",NA,3,3,3,1,4,2,2,2,2,2,3,2,1,1,1,2,2,5,1,3,3,6,6,2,6,3
"767","14_final",20,"female","Abitur",NA,1,1,1,2,0,1,2,1,2,1,1,2,1,1,1,7,7,7,7,7,6,2,2,7,2,3
"768","150_final",28,"female","Mittlere Reife",NA,4,3,3,3,3,4,3,3,2,1,2,3,3,1,1,6,3,3,2,5,2,5,5,5,5,3
"769","151_final",21,"female","Abitur",NA,4,1,1,1,1,2,2,3,3,2,1,2,4,2,2,5,3,2,1,2,3,4,2,6,6,3
"770","152_final",22,"female","Abitur",NA,1,2,1,0,1,3,2,4,3,4,3,4,3,3,4,1,1,1,1,7,1,5,5,1,5,3
"771","153_final",19,"female","Abitur",NA,4,3,4,3,4,1,3,1,1,1,1,2,2,1,1,7,3,6,1,5,3,6,6,5,6,3
"772","154_final",19,"female","Abitur",NA,1,2,0,2,0,3,1,2,2,3,3,4,1,1,2,3,2,3,2,3,5,5,5,6,5,3
"773","155_final",19,"female","Abitur",NA,3,2,3,1,3,2,4,4,2,2,2,2,2,2,3,5,2,3,1,2,1,5,3,3,5,3
"774","156_final",26,"female","Abitur",NA,0,0,1,4,4,3,2,2,2,3,3,3,2,2,3,4,5,4,6,1,7,5,5,6,5,3
"775","159_final",19,"male","Abitur",NA,2,5,1,1,2,4,1,4,4,4,3,4,4,4,4,5,6,2,5,2,7,1,5,7,5,3
"776","160_final",20,"female","Abitur",NA,3,2,2,3,3,2,2,3,2,2,2,2,2,3,2,3,5,5,1,5,5,5,6,6,5,3
"777","163_final",24,"female","Abitur",NA,3,3,2,1,3,1,1,1,2,2,3,2,1,1,2,6,5,5,3,3,6,6,5,6,3,3
"778","165_final",21,"female","Abitur",NA,3,4,2,3,4,2,3,3,2,1,1,2,4,2,1,5,3,5,2,3,4,5,5,6,5,3
"779","166_final",23,"female","Abitur",NA,3,4,3,0,3,2,2,3,2,2,3,1,4,4,2,4,6,5,3,4,7,4,5,6,5,3
"780","167_final",27,"female","Abitur",NA,2,1,2,0,4,2,2,2,2,2,2,2,2,2,2,3,4,3,2,5,4,5,5,3,5,3
"781","168_final",23,"female","Abitur",NA,4,4,4,3,4,2,3,3,2,2,2,2,3,2,2,5,2,6,1,4,3,5,2,6,5,3
"782","16_final",28,"male","Abitur",NA,3,2,2,0,1,4,4,4,3,4,4,4,4,4,4,2,7,5,6,2,6,5,5,7,5,3
"783","170_final",19,"female","Abitur",NA,3,1,2,1,4,3,3,4,3,3,3,3,4,3,3,3,3,3,1,3,1,5,4,3,4,3
"784","171_final",23,"female","Abitur",NA,3,1,4,1,4,2,3,3,2,2,2,2,2,1,1,4,2,7,1,2,1,4,4,2,2,3
"785","172_final",25,"female","Abitur",NA,3,2,1,1,3,3,4,4,4,3,2,3,2,2,3,2,3,2,1,2,3,2,4,6,5,3
"786","173_final",24,"female","Abitur",NA,2,2,4,2,4,3,4,4,3,3,2,3,2,3,4,1,1,2,1,1,1,3,3,1,3,3
"787","175_final",20,"male","Abitur",NA,4,3,4,4,3,2,2,2,3,2,2,4,2,2,1,6,5,6,2,6,5,6,5,6,6,3
"788","177_final",24,"female","Abitur",NA,3,4,2,2,3,3,2,3,3,3,2,4,2,2,2,5,3,5,3,5,3,5,5,6,5,3
"789","183_final",23,"female","Abitur",NA,3,2,3,3,4,2,2,1,2,2,1,2,2,1,1,4,2,5,1,5,2,5,5,5,5,3
"790","185_final",18,"female","Abitur",NA,4,4,4,5,3,2,3,2,1,2,1,2,2,3,1,7,2,7,1,4,5,7,6,3,7,3
"791","187_final",19,"male","Abitur",NA,5,5,5,4,5,1,1,1,1,1,1,1,1,1,1,7,4,7,1,7,5,7,7,6,7,3
"792","188_final",20,"female","Abitur",NA,3,1,3,2,3,3,3,3,3,3,3,3,2,2,4,3,2,5,2,3,3,5,3,2,3,3
"793","189_final",28,"female","Abitur",NA,4,4,4,4,4,2,3,2,2,2,2,3,4,4,2,7,7,7,5,5,5,6,6,7,7,3
"794","18_final",28,"female","Abitur",NA,4,4,4,4,3,3,3,4,2,2,2,2,3,2,2,5,4,5,2,3,5,5,3,5,5,3
"795","190_final",25,"female","Abitur",NA,4,3,4,4,4,2,3,2,2,1,1,2,1,1,1,6,1,6,1,3,1,6,6,1,6,3
"796","191_final",23,"female","Abitur",NA,2,2,1,1,1,2,2,3,2,3,2,2,2,2,2,3,5,4,5,5,6,3,5,5,3,3
"797","193_final",26,"female","Abitur",NA,3,3,4,1,3,3,4,4,3,3,2,3,1,2,3,2,1,4,1,2,2,3,2,2,3,3
"798","194_final",23,"female","Abitur",NA,5,5,4,5,4,2,3,4,2,2,1,2,3,4,2,5,3,6,1,5,5,4,6,6,6,3
"799","196_final",27,"female","Abitur",NA,3,1,4,3,5,3,3,3,2,3,2,1,1,1,1,7,2,5,1,5,1,1,1,1,3,3
"800","197_final",22,"female","Abitur",NA,4,2,3,1,4,2,2,3,1,2,2,2,1,2,2,5,3,2,5,7,3,6,3,3,5,3
"801","1_final",23,"female","Abitur",NA,4,4,4,3,3,3,3,3,2,2,2,2,3,2,2,5,5,6,4,4,6,6,5,6,6,3
"802","21_final",20,"female","Abitur",NA,2,3,2,3,4,4,4,3,2,2,2,2,1,1,2,6,3,6,2,3,2,5,6,2,6,3
"803","23_final",25,"female","Abitur",NA,1,1,2,3,4,2,1,3,2,1,3,2,1,2,1,5,2,6,2,5,5,5,7,5,7,3
"804","24_final",20,"female","Abitur",NA,3,3,2,3,3,3,2,2,2,2,2,3,2,2,1,5,1,5,1,5,1,7,5,2,7,3
"805","25_final",21,"female","Abitur",NA,4,4,3,3,4,2,3,3,2,2,2,2,3,3,2,3,7,4,5,4,5,5,5,7,6,3
"806","26_final",23,"female","Abitur",NA,4,4,4,3,5,2,3,3,2,1,2,2,2,2,1,6,3,6,2,3,2,6,5,6,3,3
"807","28_final",26,"male","Abitur",NA,3,3,2,1,2,3,3,3,4,4,4,3,2,2,3,4,6,4,3,3,6,4,4,6,4,3
"808","29_final",26,"female","Abitur",NA,3,2,2,1,3,3,2,2,2,1,2,2,3,3,2,5,5,6,3,6,4,5,4,5,3,3
"810","30_final",20,"female","Abitur",NA,4,2,4,1,4,2,2,1,2,2,2,2,1,1,1,5,5,4,3,3,5,4,2,5,3,3
"811","33_final",20,"female","Abitur",NA,1,1,1,1,1,3,3,3,3,3,3,2,3,3,3,5,6,4,4,2,5,4,3,5,5,3
"812","34_final",24,"female","Abitur",NA,3,3,3,2,3,2,3,3,3,3,3,3,4,3,3,5,5,5,3,5,5,5,5,5,5,3
"813","37_final",22,"male","Abitur",NA,3,4,4,3,4,1,1,2,2,1,1,2,1,1,1,5,5,5,3,5,3,7,5,3,5,3
"814","39_final",22,"female","Abitur",NA,4,4,4,3,3,3,2,3,3,3,3,3,2,3,3,3,6,3,3,3,4,4,5,5,4,3
"815","3_final",21,"male","Abitur",NA,4,4,3,0,4,2,2,3,3,3,2,3,4,3,2,5,7,5,4,6,6,5,5,5,5,3
"816","40_final",21,"female","Hauptschulabschluss",NA,5,5,5,4,5,2,2,3,1,2,2,2,3,4,1,6,5,6,2,5,6,5,6,7,6,3
"817","42_final",20,"female","Abitur",NA,2,3,2,2,1,2,3,3,3,3,2,3,4,1,2,3,3,4,2,3,5,4,2,6,5,3
"818","43_final",28,"male","Abitur",NA,4,3,4,4,4,2,3,2,3,3,3,3,2,2,2,4,2,4,1,4,1,5,4,4,4,3
"819","46_final",21,"male","Abitur",NA,4,4,3,2,4,1,1,2,1,2,1,1,2,1,1,5,1,6,2,6,2,6,5,5,6,3
"820","47_final",20,"female","Abitur",NA,3,4,2,2,1,3,4,4,3,3,3,4,3,2,3,5,2,3,1,2,2,5,2,2,5,3
"821","48_final",23,"female","Abitur",NA,4,4,3,4,5,2,2,3,2,2,2,2,2,1,2,3,4,5,2,5,3,6,4,5,5,3
"822","49_final",20,"female","Abitur",NA,4,3,3,3,4,2,3,2,2,2,2,2,3,2,2,5,3,5,2,5,2,5,5,3,5,3
"823","50_final",21,"female","Abitur",NA,4,3,4,3,5,2,3,2,1,2,2,2,2,2,1,5,1,5,1,4,1,4,4,5,5,3
"824","51_final",22,"female","Abitur",NA,2,3,3,2,4,3,4,2,3,2,2,3,2,1,1,3,5,3,1,3,5,3,2,5,2,3
"825","53_final",21,"female","Abitur",NA,4,3,3,4,4,3,3,4,2,2,2,3,4,4,2,6,2,2,1,3,3,6,3,5,5,3
"826","54_final",22,"female","Abitur",NA,4,3,2,3,3,3,2,3,3,2,3,3,3,3,2,5,3,2,3,6,5,2,5,6,5,3
"827","56_final",19,"female","Abitur",NA,4,3,4,1,5,2,2,2,2,2,2,2,2,1,2,5,2,6,2,4,2,3,5,5,5,3
"828","5_final",24,"female","Abitur",NA,4,4,4,4,3,2,2,2,2,2,2,2,3,3,1,7,3,7,1,5,4,7,7,5,7,3
"829","60_final",19,"female","Abitur",NA,4,3,2,3,3,2,3,2,2,2,2,2,2,2,2,6,3,7,2,4,3,6,6,2,7,3
"830","61_final",26,"female","Abitur",NA,4,3,4,1,2,3,3,4,4,4,3,4,3,3,3,2,3,2,1,3,2,2,2,1,2,3
"831","63_final",23,"female","Abitur",NA,4,4,4,2,4,1,2,2,2,2,2,2,3,3,2,5,6,6,2,7,3,6,4,6,6,3
"832","65_final",20,"female","Abitur",NA,4,4,3,3,5,2,3,2,1,2,2,2,2,2,1,5,2,5,1,5,4,6,6,4,6,3
"833","66_final",22,"female","Abitur",NA,3,2,3,2,2,4,2,3,2,3,2,2,2,2,2,6,3,6,1,5,2,6,5,4,6,3
"834","67_final",25,"female","Abitur",NA,4,3,1,1,3,3,2,2,2,3,2,4,4,3,2,2,2,5,1,4,5,2,5,5,6,3
"835","68_final",19,"female","Abitur",NA,2,2,3,1,0,2,4,4,4,2,3,4,2,4,3,5,3,6,1,1,1,5,5,2,5,3
"836","70_final",23,"male","Abitur",NA,4,4,4,4,3,2,3,3,2,2,2,2,2,2,1,6,4,6,2,5,4,6,5,5,5,3
"837","71_final",19,"female","Abitur",NA,4,1,3,1,5,2,2,2,2,2,3,2,3,2,1,5,5,5,1,5,4,5,5,6,5,3
"838","74_final",22,"male","Abitur",NA,1,0,1,1,2,2,3,3,2,3,3,2,4,3,3,3,3,3,2,4,4,4,4,4,4,3
"839","75_final",24,"male","Abitur",NA,1,1,2,1,1,2,2,2,2,2,2,3,2,2,2,6,4,5,4,5,5,6,6,6,4,3
"840","76_final",27,"male","Abitur",NA,3,2,2,4,3,3,3,4,4,3,3,4,2,3,3,3,6,5,5,4,6,3,3,7,5,3
"841","78_final",20,"female","Abitur",NA,2,3,1,3,1,2,4,3,1,1,3,1,3,2,1,6,6,7,2,6,4,5,3,6,2,3
"842","79_final",22,"female","Abitur",NA,4,5,5,4,5,2,3,4,3,2,2,1,4,3,1,6,2,6,1,5,1,6,6,1,6,3
"843","80_final",21,"female","Abitur",NA,4,4,3,3,3,2,2,3,2,3,3,3,2,3,2,4,5,4,1,3,5,5,4,4,5,3
"844","81_final",20,"female","Abitur",NA,3,3,4,4,4,2,3,2,2,1,1,2,3,1,1,5,3,5,2,6,5,7,6,5,6,3
"845","83_final",20,"female","Abitur",NA,4,4,4,3,4,2,3,4,2,2,3,2,2,1,2,3,3,3,1,5,4,2,4,5,3,3
"846","84_final",25,"female","Abitur",NA,3,1,4,2,4,3,4,3,2,2,2,2,3,1,2,4,6,4,1,5,5,6,5,5,5,3
"847","86_final",19,"female","Abitur",NA,3,4,1,4,4,2,1,2,2,3,2,2,1,2,2,5,5,6,1,3,2,6,4,3,6,3
"848","87_final",27,"female","Abitur",NA,4,4,3,3,2,3,3,4,3,2,2,3,3,4,3,5,5,5,2,5,3,5,5,6,5,3
"849","89_final",22,"male","Abitur",NA,4,4,4,3,3,3,2,2,2,3,3,3,2,1,2,4,3,5,2,2,6,6,4,6,5,3
"850","8_final",29,"female","Abitur",NA,4,4,4,4,4,2,3,3,2,2,2,2,4,4,1,1,6,5,2,5,6,5,5,7,5,3
"851","90_final",22,"female","Abitur",NA,4,4,4,3,4,2,2,2,2,2,2,2,2,1,2,5,1,5,1,2,1,5,3,1,6,3
"852","92_final",20,"female","Abitur",NA,3,2,3,1,4,2,2,3,3,2,2,3,3,1,2,6,5,6,2,2,3,4,5,3,6,3
"853","93_final",19,"female","Abitur",NA,4,2,4,3,5,2,2,2,1,3,3,2,3,1,2,6,3,5,2,3,2,6,6,3,6,3
"854","94_final",23,"female","Abitur",NA,4,4,4,1,4,2,3,3,2,2,2,2,3,3,2,3,3,3,1,3,1,4,5,3,3,3
"855","96_final",23,"female","Abitur",NA,2,1,1,0,3,4,3,2,3,2,2,2,1,1,1,5,2,3,1,4,5,6,6,3,2,3
"856","98_final",26,"female","Abitur",NA,5,4,4,4,5,2,3,3,3,2,2,2,4,4,3,4,6,6,3,5,5,4,4,6,5,3
"857","9_final",27,"female","Abitur",NA,4,4,2,1,1,3,3,3,2,2,2,2,3,2,2,5,2,5,1,2,3,5,2,5,5,3
